confidence	title	organism	modality	time_axis	cells	category	dataset_url	url_type	paper_url	source	dedup_key	temporal_status_verified	verification_reason	development_stage_evidence	alternate_accessions	merge_sources	merge_notes
B_candidate_needs_timepoint_metadata	A cell atlas of human thymic development defines T cell repertoire formation	Homo sapiens	10x 3' v2;10x 3' v3;10x 5' v1	needs_metadata_validation	379008	development_strict	https://cellxgene.cziscience.com/collections/de13e3e2-23b6-40ed-a413-e9e12d7d3910	CELLxGENE_collection		CELLxGENE	a cell of human thymic development defines t cell repertoire formation	temporal_yes	CELLxGENE metadata/description contains multiple non-adult stages or explicit timepoint/stage wording	10-month-old stage;10th week post-fertilization stage;11th week post-fertilization stage;12th week post-fertilization stage;13th week post-fertilization stage;15-19 year-old;15-month-old stage;15th week post-fertilization stage;16th week post-fertilization stage;17th week post-fertilization stage;2-year-old stage;3-month-old stage;6-month-old stage;9th week post-fertilization stage;Carnegie stage 19;Carnegie stage 22;Carnegie stage 23;fourth decade stage;juvenile stage (5-14 yo);organogenesis stage;third decade stage		artifacts/FINAL_temporal_pretraining_datasets_v3_expanded.tsv	
B_candidate_needs_timepoint_metadata	A cell atlas of the developing human outflow tract of the heart and its adult aortic valve derivatives	Homo sapiens	10x 3' v2;10x 3' v3;Visium Spatial Gene Expression V1	needs_metadata_validation	50093	development_strict	https://cellxgene.cziscience.com/collections/5d2077ea-7b49-45c8-b4cb-64790b698591	CELLxGENE_collection		CELLxGENE	a cell of the developing human outflow tract of the heart and its adult aortic v	temporal_yes	title/category indicates explicit developmental, perturbation, regeneration, or time-series axis			artifacts/FINAL_temporal_pretraining_datasets_v3_expanded.tsv	
B_candidate_needs_timepoint_metadata	A human cell atlas of fetal gene expression	Homo sapiens	sci-RNA-seq3	needs_metadata_validation	5064268	development_strict	https://cellxgene.cziscience.com/collections/c114c20f-1ef4-49a5-9c2e-d965787fb90c	CELLxGENE_collection		CELLxGENE	a human cell of fetal gene expression	temporal_yes	title/category indicates explicit developmental, perturbation, regeneration, or time-series axis			artifacts/FINAL_temporal_pretraining_datasets_v3_expanded.tsv	
A_explicit	A human embryonic limb cell atlas resolved in space and time	Homo sapiens;Mus musculus	10x 3' v2;10x 3' v3;10x 5' v1;Visium Spatial Gene Expression V1	first trimester embryonic limb developmental stages	859920	development_strict	https://cellxgene.cziscience.com/collections/4fefa187-5d14-4f1e-915b-c892ed320aab	CELLxGENE_collection		CELLxGENE;extra_web	a human embryonic limb cell resolved in space and time	temporal_yes	explicit time axis already validated			artifacts/FINAL_temporal_pretraining_datasets_v3_expanded.tsv	
B_candidate_needs_timepoint_metadata	A human fetal lung cell atlas uncovers proximal-distal gradients of differentiation and key regulators of epithelial fates	Homo sapiens	10x 5' v1;Visium Spatial Gene Expression V1	needs_metadata_validation	274071	development_strict	https://cellxgene.cziscience.com/collections/2d2e2acd-dade-489f-a2da-6c11aa654028	CELLxGENE_collection		CELLxGENE	a human fetal lung cell uncovers proximal distal gradients of differentiation an	temporal_yes	title/category indicates explicit developmental, perturbation, regeneration, or time-series axis			artifacts/FINAL_temporal_pretraining_datasets_v3_expanded.tsv	
B_candidate_needs_timepoint_metadata	A multimodal single-cell atlas of the adolescent brain reveals gene regulatory networks linking development to disease risk	Homo sapiens	10x multiome	needs_metadata_validation	166016	development_strict	https://cellxgene.cziscience.com/collections/4624894f-6cf7-45d2-91ff-51fff9da9f13	CELLxGENE_collection		CELLxGENE	a multimodal of the adolescent brain reveals gene regulatory networks linking de	temporal_yes	title/source describes developmental trajectory or differentiation; no download needed for coarse inclusion	10-year-old stage;11-year-old stage;14-year-old stage;15-year-old stage;6-year-old stage;9-year-old stage		artifacts/FINAL_temporal_pretraining_datasets_v3_expanded.tsv	
B_candidate_needs_timepoint_metadata	A novel human fetal lung-derived alveolar organoid model reveals mechanisms of surfactant protein C maturation relevant to interstitial lung disease	Homo sapiens	10x 5' v1	needs_metadata_validation	9619	development_strict	https://cellxgene.cziscience.com/collections/92db8a7e-8761-4317-873f-15606c016ce5	CELLxGENE_collection		CELLxGENE	a novel human fetal lung derived alveolar organoid model reveals mechanisms of s	temporal_yes	title/category indicates explicit developmental, perturbation, regeneration, or time-series axis			artifacts/FINAL_temporal_pretraining_datasets_v3_expanded.tsv	
B_candidate_needs_timepoint_metadata	A single-cell transcriptional timelapse of mouse embryonic development, from gastrula to pup	Mus musculus	sci-RNA-seq3	needs_metadata_validation	34324221	development_strict	https://cellxgene.cziscience.com/collections/45d5d2c3-bc28-4814-aed6-0bb6f0e11c82	CELLxGENE_collection		CELLxGENE	a transcriptional timelapse of mouse embryonic development from gastrula to pup	temporal_yes	title/category indicates explicit developmental, perturbation, regeneration, or time-series axis			artifacts/FINAL_temporal_pretraining_datasets_v3_expanded.tsv	
B_candidate_needs_timepoint_metadata	An integrated transcriptomic cell atlas of human neural organoids	Homo sapiens	10x 3' v2;10x 3' v3;10x multiome;BD Rhapsody Whole Transcriptome Analysis;Drop-seq;Quartz-seq;SPLiT-seq;Smart-seq2	needs_metadata_validation	3687800	development_strict	https://cellxgene.cziscience.com/collections/de379e5f-52d0-498c-9801-0f850823c847	CELLxGENE_collection		CELLxGENE	an integrated transcriptomic cell of human neural organoids	temporal_yes	title/category indicates explicit developmental, perturbation, regeneration, or time-series axis			artifacts/FINAL_temporal_pretraining_datasets_v3_expanded.tsv	
B_candidate_needs_timepoint_metadata	Blood and immune development in human fetal bone marrow and Down syndrome	Homo sapiens	10x 3' v2;10x 3' v3;10x 5' v1	needs_metadata_validation	156947	development_strict	https://cellxgene.cziscience.com/collections/793fdaec-5067-428a-a9db-ecefe135c945	CELLxGENE_collection		CELLxGENE	blood and immune development in human fetal bone marrow and down syndrome	temporal_yes	title/category indicates explicit developmental, perturbation, regeneration, or time-series axis			artifacts/FINAL_temporal_pretraining_datasets_v3_expanded.tsv	
B_candidate_needs_timepoint_metadata	Cell Types of the Human Retina and Its Organoids at Single-Cell Resolution	Homo sapiens	10x 3' v2	needs_metadata_validation	98348	development_strict	https://cellxgene.cziscience.com/collections/2f4c738f-e2f3-4553-9db2-0582a38ea4dc	CELLxGENE_collection		CELLxGENE	cell types of the human retina and its organoids at resolution	temporal_yes	title/category indicates explicit developmental, perturbation, regeneration, or time-series axis			artifacts/FINAL_temporal_pretraining_datasets_v3_expanded.tsv	
B_candidate_needs_timepoint_metadata	Cellular development and evolution of the mammalian cerebellum	Homo sapiens;Mus musculus	10x 3' v2;10x 3' v3	needs_metadata_validation	296238	development_strict	https://cellxgene.cziscience.com/collections/72d37bc9-76cc-442d-9131-da0e273862db	CELLxGENE_collection		CELLxGENE	cellular development and evolution of the mammalian cerebellum	temporal_yes	CELLxGENE metadata/description contains multiple non-adult stages or explicit timepoint/stage wording	11th week post-fertilization stage;17th week post-fertilization stage;2-month-old stage;2-week-old stage;20th week post-fertilization stage;3-year-old stage;4-day-old stage;42-year-old stage;44-year-old stage;46-year-old stage;52-year-old stage;6-month-old stage;7-day-old stage;7-month-old stage;9-month-old stage;9th week post-fertilization stage;Carnegie stage 18;Carnegie stage 19;Carnegie stage 22;Theiler stage 18;Theiler stage 20;Theiler stage 21;Theiler stage 22;Theiler stage 23;Theiler stage 25;Theiler stage 27;newborn stage (0-28 days)		artifacts/FINAL_temporal_pretraining_datasets_v3_expanded.tsv	
B_candidate_needs_timepoint_metadata	Cerebellar organoid atlas using microfluidics- and combinatorial barcoding-based technologies	Homo sapiens	10x 3' v3;Parse Evercode Whole Transcriptome v2	needs_metadata_validation	14424	development_strict	https://cellxgene.cziscience.com/collections/0dd101f7-9829-44b3-a323-18b113eabeb4	CELLxGENE_collection		CELLxGENE	cerebellar organoid using microfluidics and combinatorial barcoding based techno	temporal_yes	title/category indicates explicit developmental, perturbation, regeneration, or time-series axis			artifacts/FINAL_temporal_pretraining_datasets_v3_expanded.tsv	
B_candidate_needs_timepoint_metadata	Characterization of the human fetal gonad and reproductive tract by single-cell transcriptomics	Homo sapiens	10x 3' v2;10x 3' v3	needs_metadata_validation	52798	development_strict	https://cellxgene.cziscience.com/collections/222e800b-c9cb-4572-831d-48f8c2ef66b9	CELLxGENE_collection		CELLxGENE	characterization of the human fetal gonad and reproductive tract by transcriptom	temporal_yes	title/category indicates explicit developmental, perturbation, regeneration, or time-series axis			artifacts/FINAL_temporal_pretraining_datasets_v3_expanded.tsv	
B_candidate_needs_timepoint_metadata	Charting human development using a multi-endodermal organ atlas and organoid models	Homo sapiens	10x 3' v2;10x 3' v3	needs_metadata_validation	160432	development_strict	https://cellxgene.cziscience.com/collections/dfc09a93-bce0-4c77-893d-e153d1b7f9fa	CELLxGENE_collection		CELLxGENE	charting human development using a multi endodermal organ and organoid models	temporal_yes	title/category indicates explicit developmental, perturbation, regeneration, or time-series axis			artifacts/FINAL_temporal_pretraining_datasets_v3_expanded.tsv	
B_candidate_needs_timepoint_metadata	Chromatin accessibility during human first-trimester neurodevelopment	Homo sapiens	10x multiome	needs_metadata_validation	333570	development_strict	https://cellxgene.cziscience.com/collections/a66d41a7-f1de-4b70-b983-7a4b790a0d5d	CELLxGENE_collection		CELLxGENE	chromatin accessibility during human first trimester neurodevelopment	temporal_yes	title/category indicates explicit developmental, perturbation, regeneration, or time-series axis			artifacts/FINAL_temporal_pretraining_datasets_v3_expanded.tsv	
B_candidate_needs_timepoint_metadata	Comprehensive cell atlas of the first-trimester developing human brain	Homo sapiens	10x 3' v2;10x 3' v3	needs_metadata_validation	4543994	development_strict	https://cellxgene.cziscience.com/collections/4d8fed08-2d6d-4692-b5ea-464f1d072077	CELLxGENE_collection		CELLxGENE	comprehensive cell of the first trimester developing human brain	temporal_yes	title/category indicates explicit developmental, perturbation, regeneration, or time-series axis			artifacts/FINAL_temporal_pretraining_datasets_v3_expanded.tsv	
B_candidate_needs_timepoint_metadata	Developmental Regulation of Endothelial-to-Hematopoietic Transition from iPSCs	Homo sapiens	10x 3' v2;10x 3' v3;sci-RNA-seq3	needs_metadata_validation	214811	development_strict	https://cellxgene.cziscience.com/collections/4a2c25af-558a-45fc-bc9a-54ec44a1d63f	CELLxGENE_collection		CELLxGENE	developmental regulation of endothelial to hematopoietic transition from ipscs	temporal_yes	CELLxGENE metadata/description contains multiple non-adult stages or explicit timepoint/stage wording	Carnegie stage 10;Carnegie stage 11;Carnegie stage 13;Carnegie stage 14;Carnegie stage 15;Carnegie stage 16;Carnegie stage 17;unknown		artifacts/FINAL_temporal_pretraining_datasets_v3_expanded.tsv	
B_candidate_needs_timepoint_metadata	Developmental trajectories of thalamic nuclei revealed by single-cell transcriptome profiling and Shh perturbation	Mus musculus	10x 3' v3	needs_metadata_validation	289775	development_strict	https://cellxgene.cziscience.com/collections/d5cad3f0-56b6-4fbe-8f2b-be92a8c7820f	CELLxGENE_collection		CELLxGENE	developmental trajectories of thalamic nuclei revealed by transcriptome profilin	temporal_yes	CELLxGENE metadata/description contains multiple non-adult stages or explicit timepoint/stage wording	Theiler stage 20;Theiler stage 22;Theiler stage 24;Theiler stage 26		artifacts/FINAL_temporal_pretraining_datasets_v3_expanded.tsv	
B_candidate_needs_timepoint_metadata	Differentiation dynamics of mammary epithelial cells revealed by single-cell RNA sequencing	Mus musculus	10x 3' v2	needs_metadata_validation	25010	development_strict	https://cellxgene.cziscience.com/collections/9416fa0f-fafa-49df-9b23-0234f513dad3	CELLxGENE_collection		CELLxGENE	differentiation dynamics of mammary epithelial cells revealed by	temporal_yes	title/category indicates explicit developmental, perturbation, regeneration, or time-series axis			artifacts/FINAL_temporal_pretraining_datasets_v3_expanded.tsv	
B_candidate_needs_timepoint_metadata	Early human lung immune cell development and its role in epithelial cell fate	Homo sapiens	10x 3' v2;10x 5' transcription profiling;10x 5' v1	needs_metadata_validation	756864	development_strict	https://cellxgene.cziscience.com/collections/ec329aed-22bc-4d6e-8935-8282dcb1acac	CELLxGENE_collection		CELLxGENE	early human lung immune cell development and its role in epithelial cell fate	temporal_yes	CELLxGENE metadata/description contains multiple non-adult stages or explicit timepoint/stage wording	10th week post-fertilization stage;11th week post-fertilization stage;12th week post-fertilization stage;13th week post-fertilization stage;14th week post-fertilization stage;15th week post-fertilization stage;16th week post-fertilization stage;17th week post-fertilization stage;18th week post-fertilization stage;20th week post-fertilization stage;21st week post-fertilization stage;22nd week post-fertilization stage;9th week post-fertilization stage;Carnegie stage 13;Carnegie stage 16;Carnegie stage 19;Carnegie stage 20;Carnegie stage 22;Carnegie stage 23;unknown		artifacts/FINAL_temporal_pretraining_datasets_v3_expanded.tsv	
B_candidate_needs_timepoint_metadata	Early role for a Na+,K+-ATPase (ATP1A3) in brain development	Homo sapiens	Drop-seq	needs_metadata_validation	170525	development_strict	https://cellxgene.cziscience.com/collections/e02201d7-f49f-401f-baf0-1eb1406546c0	CELLxGENE_collection		CELLxGENE	early role for a na k atpase atp1a3 in brain development	temporal_yes	title/source describes developmental trajectory or differentiation; no download needed for coarse inclusion	22nd week post-fertilization stage;7-month-old stage		artifacts/FINAL_temporal_pretraining_datasets_v3_expanded.tsv	
B_candidate_needs_timepoint_metadata	Gene expression patterns of the developing human and mouse face at single cell resolution	Homo sapiens;Mus musculus	10x 3' v3;10x multiome	needs_metadata_validation	318041	development_strict	https://cellxgene.cziscience.com/collections/690fb28b-e364-4d3d-8934-bae50ae93857	CELLxGENE_collection		CELLxGENE	gene expression patterns of the developing human and mouse face at resolution	temporal_yes	title/category indicates explicit developmental, perturbation, regeneration, or time-series axis			artifacts/FINAL_temporal_pretraining_datasets_v3_expanded.tsv	
B_candidate_needs_timepoint_metadata	HTAN CHOP - A longitudinal single-cell atlas of pediatric high-grade glioma.	Homo sapiens	10x 3' v3	needs_metadata_validation	527865	development_strict	https://cellxgene.cziscience.com/collections/9ceda3d2-a55e-4b82-a91a-0190d947459a	CELLxGENE_collection		CELLxGENE	htan chop a longitudinal of pediatric high grade glioma	temporal_yes	has explicit time/longitudinal/regeneration signal despite noisy terms			artifacts/FINAL_temporal_pretraining_datasets_v3_expanded.tsv	
B_candidate_needs_timepoint_metadata	Human fetal retina atlas v1 - Unraveling the developmental heterogeneity within the human retina to reconstruct the continuity of retinal ganglion cell maturation and stage-specific intrinsic and extrinsic factors	Homo sapiens	10x 3' v1;10x 3' v2;10x 3' v3	needs_metadata_validation	108838	development_strict	https://cellxgene.cziscience.com/collections/c11009b8-b113-4a99-9890-78b2f9df9d79	CELLxGENE_collection		CELLxGENE	human fetal retina v1 unraveling the developmental heterogeneity within the huma	temporal_yes	title/category indicates explicit developmental, perturbation, regeneration, or time-series axis			artifacts/FINAL_temporal_pretraining_datasets_v3_expanded.tsv	
B_candidate_needs_timepoint_metadata	Human Trophoblast Organoids	Homo sapiens	10x 3' v3	needs_metadata_validation	67996	development_strict	https://cellxgene.cziscience.com/collections/257ce7fb-ab27-4772-8a06-9fe8385816b2	CELLxGENE_collection		CELLxGENE	human trophoblast organoids	temporal_yes	title/category indicates explicit developmental, perturbation, regeneration, or time-series axis			artifacts/FINAL_temporal_pretraining_datasets_v3_expanded.tsv	
B_candidate_needs_timepoint_metadata	Inflammatory blockade prevents injury to the developing pulmonary gas exchange surface in preterm primates	Macaca mulatta	10x 3' v3	needs_metadata_validation	120042	development_strict	https://cellxgene.cziscience.com/collections/6e067060-f7e4-466c-86f3-ec3dd33c0381	CELLxGENE_collection		CELLxGENE	inflammatory blockade prevents injury to the developing pulmonary gas exchange s	temporal_yes	title/category indicates explicit developmental, perturbation, regeneration, or time-series axis			artifacts/FINAL_temporal_pretraining_datasets_v3_expanded.tsv	
B_candidate_needs_timepoint_metadata	Integrated adult and foetal heart single-cell RNA sequencing	Homo sapiens	10x 3' v2;10x 3' v3	needs_metadata_validation	60668	development_strict	https://cellxgene.cziscience.com/collections/43b45a20-a969-49ac-a8e8-8c84b211bd01	CELLxGENE_collection		CELLxGENE	integrated adult and foetal heart	temporal_yes	title/category indicates explicit developmental, perturbation, regeneration, or time-series axis			artifacts/FINAL_temporal_pretraining_datasets_v3_expanded.tsv	
B_candidate_needs_timepoint_metadata	Integrated human endoderm-derived organoids cell atlas (HEOCA)	Homo sapiens	10x 3' v2;10x 3' v3;10x 5' v1;10x 5' v2;10x multiome;CEL-seq2;SORT-seq;Seq-Well S3;Smart-seq	needs_metadata_validation	1381211	development_strict	https://cellxgene.cziscience.com/collections/6282a908-f162-44a2-99a3-8a942e4271b2	CELLxGENE_collection		CELLxGENE	integrated human endoderm derived organoids cell heoca	temporal_yes	title/category indicates explicit developmental, perturbation, regeneration, or time-series axis			artifacts/FINAL_temporal_pretraining_datasets_v3_expanded.tsv	
B_candidate_needs_timepoint_metadata	Integrated scRNA-Seq Identifies Human Postnatal Thymus Seeding Progenitors and Regulatory Dynamics of Differentiating Immature Thymocytes	Homo sapiens	10x 3' v2	needs_metadata_validation	71732	development_strict	https://cellxgene.cziscience.com/collections/83ed3be8-4cb9-43e6-9aaa-3fbbf5d1bd3a	CELLxGENE_collection		CELLxGENE	integrated identifies human postnatal thymus seeding progenitors and regulatory 	temporal_yes	title/category indicates explicit developmental, perturbation, regeneration, or time-series axis			artifacts/FINAL_temporal_pretraining_datasets_v3_expanded.tsv	
B_candidate_needs_timepoint_metadata	Mapping the developing human immune system across organs	Homo sapiens	10x 3' v2;10x 5' v1;Visium Spatial Gene Expression V1	needs_metadata_validation	2696629	development_strict	https://cellxgene.cziscience.com/collections/b1a879f6-5638-48d3-8f64-f6592c1b1561	CELLxGENE_collection		CELLxGENE	mapping the developing human immune system across organs	temporal_yes	title/category indicates explicit developmental, perturbation, regeneration, or time-series axis			artifacts/FINAL_temporal_pretraining_datasets_v3_expanded.tsv	
B_candidate_needs_timepoint_metadata	Molecular and cellular dynamics of the developing human neocortex at single-cell resolution	Homo sapiens	10x multiome	needs_metadata_validation	232328	development_strict	https://cellxgene.cziscience.com/collections/ad2149fc-19c5-41de-8cfe-44710fbada73	CELLxGENE_collection		CELLxGENE	molecular and cellular dynamics of the developing human neocortex at resolution	temporal_yes	title/category indicates explicit developmental, perturbation, regeneration, or time-series axis			artifacts/FINAL_temporal_pretraining_datasets_v3_expanded.tsv	
B_candidate_needs_timepoint_metadata	Mouse Post-Flu Time Series	Mus musculus	10x 3' v3	needs_metadata_validation	123154	development_strict	https://cellxgene.cziscience.com/collections/606dc65c-ebd8-4f93-ac86-d0789c04863f	CELLxGENE_collection		CELLxGENE	mouse post flu time series	temporal_yes	title/category indicates explicit developmental, perturbation, regeneration, or time-series axis			artifacts/FINAL_temporal_pretraining_datasets_v3_expanded.tsv	
B_candidate_needs_timepoint_metadata	Multi-omic profiling of the developing human cerebral cortex at the single cell level	Homo sapiens	10x multiome	needs_metadata_validation	45549	development_strict	https://cellxgene.cziscience.com/collections/ceb895f4-ff9f-403a-b7c3-187a9657ac2c	CELLxGENE_collection		CELLxGENE	multi omic profiling of the developing human cerebral cortex at the level	temporal_yes	title/category indicates explicit developmental, perturbation, regeneration, or time-series axis			artifacts/FINAL_temporal_pretraining_datasets_v3_expanded.tsv	
B_candidate_needs_timepoint_metadata	Neural Organoid Hormonal Atlas (NOHA)	Homo sapiens	10x 3' v3	needs_metadata_validation	163714	development_strict	https://cellxgene.cziscience.com/collections/2bebc4ae-69a2-4001-9d2f-091ec9b4020c	CELLxGENE_collection		CELLxGENE	neural organoid hormonal noha	temporal_yes	title/category indicates explicit developmental, perturbation, regeneration, or time-series axis			artifacts/FINAL_temporal_pretraining_datasets_v3_expanded.tsv	
B_candidate_needs_timepoint_metadata	Organoid modeling of human fetal lung alveolar development reveals mechanisms of cell fate patterning and neonatal respiratory disease	Homo sapiens	10x 5' v1	needs_metadata_validation	20475	development_strict	https://cellxgene.cziscience.com/collections/2d42fb2f-e635-466e-a2f4-9ea34f2e0feb	CELLxGENE_collection		CELLxGENE	organoid modeling of human fetal lung alveolar development reveals mechanisms of	temporal_yes	title/category indicates explicit developmental, perturbation, regeneration, or time-series axis			artifacts/FINAL_temporal_pretraining_datasets_v3_expanded.tsv	
B_candidate_needs_timepoint_metadata	Simultaneous profiling of transcription and chromatin accessibility at the single-cell level for postnatal human brain development	Homo sapiens	10x multiome	needs_metadata_validation	101924	development_strict	https://cellxgene.cziscience.com/collections/f406a653-c079-4bf9-aab6-85846c27571d	CELLxGENE_collection		CELLxGENE	simultaneous profiling of transcription and chromatin accessibility at the level	temporal_yes	title/category indicates explicit developmental, perturbation, regeneration, or time-series axis			artifacts/FINAL_temporal_pretraining_datasets_v3_expanded.tsv	
B_candidate_needs_timepoint_metadata	Single cell atlas of spinal cord injury in mice reveals a pro-regenerative signature in spinocerebellar neurons.	Mus musculus	10x 3' v2	needs_metadata_validation	133956	development_strict	https://cellxgene.cziscience.com/collections/3aff0465-9ec0-4a90-9673-71b6b32de532	CELLxGENE_collection		CELLxGENE	of spinal cord injury in mice reveals a pro regenerative signature in spinocereb	temporal_yes	title/category indicates explicit developmental, perturbation, regeneration, or time-series axis			artifacts/FINAL_temporal_pretraining_datasets_v3_expanded.tsv	
B_candidate_needs_timepoint_metadata	Single Cell Multiome Atlas of the Human Fetal Retina	Homo sapiens	10x multiome	needs_metadata_validation	226506	development_strict	https://cellxgene.cziscience.com/collections/5900dda8-2dc3-4770-b604-084eac1c2c82	CELLxGENE_collection		CELLxGENE	multiome of the human fetal retina	temporal_yes	title/category indicates explicit developmental, perturbation, regeneration, or time-series axis			artifacts/FINAL_temporal_pretraining_datasets_v3_expanded.tsv	
B_candidate_needs_timepoint_metadata	Single cell RNA sequencing of the human embryonic meninges at 5-13 weeks post conception	Homo sapiens	10x 3' v3	needs_metadata_validation	313452	development_strict	https://cellxgene.cziscience.com/collections/7d66d871-091f-4602-9f42-85f86d2853e0	CELLxGENE_collection		CELLxGENE	of the human embryonic meninges at 5 13 weeks post conception	temporal_yes	title/category indicates explicit developmental, perturbation, regeneration, or time-series axis			artifacts/FINAL_temporal_pretraining_datasets_v3_expanded.tsv	
B_candidate_needs_timepoint_metadata	Single cell RNA-seq of slice explant cultures of human embryo telencephalon, cultured using the Organotypic Timelapse recording with Transcriptomic Readout (OTTR) protocol for 4-29 days	Homo sapiens	10x 3' v3	needs_metadata_validation	33132	development_strict	https://cellxgene.cziscience.com/collections/644927a3-456b-4e64-b7cd-76547bfc694d	CELLxGENE_collection		CELLxGENE	rna seq of slice explant cultures of human embryo telencephalon cultured using t	temporal_yes	title/category indicates explicit developmental, perturbation, regeneration, or time-series axis			artifacts/FINAL_temporal_pretraining_datasets_v3_expanded.tsv	
B_candidate_needs_timepoint_metadata	Single nucleus transcriptomic atlas of human foetal tendon	Homo sapiens	10x 3' v3	needs_metadata_validation	91859	development_strict	https://cellxgene.cziscience.com/collections/7b9ae565-a781-433d-98d4-430394e7802a	CELLxGENE_collection		CELLxGENE	single nucleus transcriptomic of human foetal tendon	temporal_yes	title/category indicates explicit developmental, perturbation, regeneration, or time-series axis			artifacts/FINAL_temporal_pretraining_datasets_v3_expanded.tsv	
B_candidate_needs_timepoint_metadata	Single-cell analysis of prenatal and postnatal human cortical development	Homo sapiens	10x 3' v2;10x 3' v3;10x multiome	needs_metadata_validation	709372	development_strict	https://cellxgene.cziscience.com/collections/bacccb91-066d-4453-b70e-59de0b4598cd	CELLxGENE_collection		CELLxGENE	analysis of prenatal and postnatal human cortical development	temporal_yes	title/category indicates explicit developmental, perturbation, regeneration, or time-series axis			artifacts/FINAL_temporal_pretraining_datasets_v3_expanded.tsv	
B_candidate_needs_timepoint_metadata	Single-cell multiomic analysis of thymocyte development reveals drivers of CD4+ T cell and CD8+ T cell lineage commitment	Mus musculus	10x 3' v3	needs_metadata_validation	101450	development_strict	https://cellxgene.cziscience.com/collections/7e216a15-82df-46ee-b454-d0261d99e5f5	CELLxGENE_collection		CELLxGENE	multiomic analysis of thymocyte development reveals drivers of cd4 t cell and cd	temporal_yes	CELLxGENE metadata/description contains multiple non-adult stages or explicit timepoint/stage wording	10-week-old stage;24-day-old stage;4-week-old stage;5-week-old stage;6-week-old stage;7-week-old stage		artifacts/FINAL_temporal_pretraining_datasets_v3_expanded.tsv	
B_candidate_needs_timepoint_metadata	Single-Cell Multiomic Atlas of Human Cortical Development in Down Syndrome	Homo sapiens	10x multiome	needs_metadata_validation	464678	development_strict	https://cellxgene.cziscience.com/collections/0e9fd1d3-ef4c-47c6-a2e4-ef4bfadf7c79	CELLxGENE_collection		CELLxGENE	multiomic of human cortical development in down syndrome	temporal_yes	CELLxGENE metadata/description contains multiple non-adult stages or explicit timepoint/stage wording	10th week post-fertilization stage;11th week post-fertilization stage;12th week post-fertilization stage;13th week post-fertilization stage;14th week post-fertilization stage;15th week post-fertilization stage;16th week post-fertilization stage;17th week post-fertilization stage;18th week post-fertilization stage;20th week post-fertilization stage		artifacts/FINAL_temporal_pretraining_datasets_v3_expanded.tsv	
B_candidate_needs_timepoint_metadata	Single-cell reconstruction of the early maternal–fetal interface in humans	Homo sapiens	10x 3' v2;Smart-seq2	needs_metadata_validation	70325	development_strict	https://cellxgene.cziscience.com/collections/a9254216-6cd8-4186-b32c-349363777584	CELLxGENE_collection		CELLxGENE	reconstruction of the early maternal fetal interface in humans	temporal_yes	title/category indicates explicit developmental, perturbation, regeneration, or time-series axis			artifacts/FINAL_temporal_pretraining_datasets_v3_expanded.tsv	
B_candidate_needs_timepoint_metadata	Single-cell RNA sequencing data of control and VPA-treated dorsal forebrain organoids	Homo sapiens	10x 3' v3	needs_metadata_validation	26499	development_strict	https://cellxgene.cziscience.com/collections/c2879de0-affc-496b-8e2b-f57ed9ec3c34	CELLxGENE_collection		CELLxGENE	of control and vpa treated dorsal forebrain organoids	temporal_yes	title/category indicates explicit developmental, perturbation, regeneration, or time-series axis			artifacts/FINAL_temporal_pretraining_datasets_v3_expanded.tsv	
B_candidate_needs_timepoint_metadata	Single-cell roadmap of human gonadal development	Homo sapiens;Mus musculus	10x 3' v2;10x 3' v3;10x 5' v1;10x 5' v2	needs_metadata_validation	734430	development_strict	https://cellxgene.cziscience.com/collections/661a402a-2a5a-4c71-9b05-b346c57bc451	CELLxGENE_collection		CELLxGENE	roadmap of human gonadal development	temporal_yes	CELLxGENE metadata/description contains multiple non-adult stages or explicit timepoint/stage wording	10th week post-fertilization stage;11th week post-fertilization stage;12th week post-fertilization stage;13th week post-fertilization stage;14th week post-fertilization stage;15th week post-fertilization stage;16th week post-fertilization stage;17th week post-fertilization stage;18th week post-fertilization stage;19th week post-fertilization stage;21st week post-fertilization stage;5-day-old stage;9th week post-fertilization stage;Carnegie stage 17;Carnegie stage 18;Carnegie stage 19;Carnegie stage 21;Carnegie stage 23;Theiler stage 17;Theiler stage 19;Theiler stage 20;Theiler stage 21;Theiler stage 22;Theiler stage 24;Theiler stage 26;Theiler stage 27		artifacts/FINAL_temporal_pretraining_datasets_v3_expanded.tsv	
B_candidate_needs_timepoint_metadata	Single-cell transcriptome profiling of the human developing spinal cord reveals a conserved genetic programme with human-specific features	Homo sapiens	10x 3' v3	needs_metadata_validation	43485	development_strict	https://cellxgene.cziscience.com/collections/847fafc3-41a1-4a0d-9461-0328c88e9b13	CELLxGENE_collection		CELLxGENE	transcriptome profiling of the human developing spinal cord reveals a conserved 	temporal_yes	title/category indicates explicit developmental, perturbation, regeneration, or time-series axis			artifacts/FINAL_temporal_pretraining_datasets_v3_expanded.tsv	
B_candidate_needs_timepoint_metadata	Single-cell transcriptomics reveals gene expression dynamics of human fetal kidney development	Homo sapiens	10x 3' v2	needs_metadata_validation	17962	development_strict	https://cellxgene.cziscience.com/collections/981b0c87-76d0-4edf-b201-58c52b5cd2f0	CELLxGENE_collection		CELLxGENE	transcriptomics reveals gene expression dynamics of human fetal kidney developme	temporal_yes	title/category indicates explicit developmental, perturbation, regeneration, or time-series axis			artifacts/FINAL_temporal_pretraining_datasets_v3_expanded.tsv	
B_candidate_needs_timepoint_metadata	Spatial and cell type transcriptional landscape of human cerebellar development	Homo sapiens	SPLiT-seq	needs_metadata_validation	69174	development_strict	https://cellxgene.cziscience.com/collections/1b014f39-f202-45ae-bb7d-9286bddd8d8b	CELLxGENE_collection		CELLxGENE	spatial and cell type transcriptional landscape of human cerebellar development	temporal_yes	CELLxGENE metadata/description contains multiple non-adult stages or explicit timepoint/stage wording	10th week post-fertilization stage;11th week post-fertilization stage;12th week post-fertilization stage;14th week post-fertilization stage;17th week post-fertilization stage;18th week post-fertilization stage;20th week post-fertilization stage;21st week post-fertilization stage;9th week post-fertilization stage		artifacts/FINAL_temporal_pretraining_datasets_v3_expanded.tsv	
B_candidate_needs_timepoint_metadata	Spatial multiomics map of trophoblast development in early pregnancy	Homo sapiens	10x 3' v2;10x 3' v3;10x multiome;Visium Spatial Gene Expression V1	needs_metadata_validation	515128	development_strict	https://cellxgene.cziscience.com/collections/e2c257e7-6f79-487c-b81c-39451cd4ab3c	CELLxGENE_collection		CELLxGENE	spatial multiomics map of trophoblast development in early pregnancy	temporal_yes	CELLxGENE metadata/description contains multiple non-adult stages or explicit timepoint/stage wording	10th week post-fertilization stage;11th week post-fertilization stage;12th week post-fertilization stage;13th week post-fertilization stage;9th week post-fertilization stage;Carnegie stage 14;Carnegie stage 16;Carnegie stage 18;Carnegie stage 22;Carnegie stage 23;unknown		artifacts/FINAL_temporal_pretraining_datasets_v3_expanded.tsv	
B_candidate_needs_timepoint_metadata	Spatial transcriptomic maps of whole mouse embryos reveal principles of neural tube patterning	Mus musculus	Slide-seqV2	needs_metadata_validation	1066731	development_strict	https://cellxgene.cziscience.com/collections/d74b6979-efba-47cd-990a-9d80ccf29055	CELLxGENE_collection		CELLxGENE	spatial transcriptomic maps of whole mouse embryos reveal principles of neural t	temporal_yes	title/category indicates explicit developmental, perturbation, regeneration, or time-series axis			artifacts/FINAL_temporal_pretraining_datasets_v3_expanded.tsv	
B_candidate_needs_timepoint_metadata	Spatiotemporal analysis of human intestinal development at single-cell resolution	Homo sapiens	10x 3' v3;Visium Spatial Gene Expression V1	needs_metadata_validation	179935	development_strict	https://cellxgene.cziscience.com/collections/60358420-6055-411d-ba4f-e8ac80682a2e	CELLxGENE_collection		CELLxGENE	spatiotemporal analysis of human intestinal development at resolution	temporal_yes	CELLxGENE metadata/description contains multiple non-adult stages or explicit timepoint/stage wording	10th week post-fertilization stage;11th week post-fertilization stage;13th week post-fertilization stage;14th week post-fertilization stage;16th week post-fertilization stage;17th week post-fertilization stage;18th week post-fertilization stage;19th week post-fertilization stage;20th week post-fertilization stage;21st week post-fertilization stage;23rd week post-fertilization stage;66-year-old stage;Carnegie stage 22		artifacts/FINAL_temporal_pretraining_datasets_v3_expanded.tsv	
B_candidate_needs_timepoint_metadata	Type I interferon responsive microglia shape cortical development and behavior	Mus musculus	10x 3' v3	needs_metadata_validation	12330	development_strict	https://cellxgene.cziscience.com/collections/4828d33d-fb26-42e7-bf36-18293b0eec85	CELLxGENE_collection		CELLxGENE	type i interferon responsive microglia shape cortical development and behavior	temporal_yes	CELLxGENE metadata/description contains multiple non-adult stages or explicit timepoint/stage wording	5-day-old stage;7-day-old stage		artifacts/FINAL_temporal_pretraining_datasets_v3_expanded.tsv	
A_explicit	A single cell transcriptome atlas of the developing zebrafish hindbrain.		single-cell RNA-seq	Segmentation of the vertebrate hindbrain leads to the formation of rhombomeres, each with a distinct anteroposterior ide	9026	developmental	https://singlecell.broadinstitute.org/single_cell/study/SCP667	dataset_or_repository		Single_Cell_Portal_step2	a single cell transcriptome atlas of the developing zebrafish hindbrain	temporal_yes	Single Cell Portal result/title describes developmental trajectory, staged development, regeneration, or organoid maturation	Segmentation of the vertebrate hindbrain leads to the formation of rhombomeres, each with a distinct anteroposterior identity. Specialised boundary cells form at segment borders that act as a source o	SCP667	artifacts/single_cell_portal/single_cell_portal_step2_added_v0.tsv	
A_explicit	C. elegans embryogenesis	Caenorhabditis elegans	scRNA-seq	embryogenesis time labels	0	developmental	https://figshare.com/articles/dataset/C_elegans_embryogenesis/22491340	dataset_or_repository		seed	c elegans embryogenesis	temporal_yes	explicit time axis already validated			artifacts/FINAL_temporal_pretraining_datasets_v3_expanded.tsv	
A_explicit	Comprehensive single cell transcriptome lineages of a proto-vertebrate  		single-cell RNA-seq	Studies of ascidian (sea squirt) embryos have highlighted the importance of cell lineages in animal development for over	137841	developmental	https://singlecell.broadinstitute.org/single_cell/study/SCP454	dataset_or_repository		Single_Cell_Portal_step2	comprehensive single cell transcriptome lineages of a proto vertebrate	temporal_yes	Single Cell Portal result/title describes developmental trajectory, staged development, regeneration, or organoid maturation	Studies of ascidian (sea squirt) embryos have highlighted the importance of cell lineages in animal development for over 100 years. As simple proto-vertebrates, they are also used to explore the evolu	SCP454	artifacts/single_cell_portal/single_cell_portal_step2_added_v0.tsv	
A_explicit	Drosophila embryo dorsal-ventral patterning scRNA-seq	Drosophila melanogaster	scRNA-seq	embryonic patterning/developmental stage		developmental	https://www.ebi.ac.uk/gxa/sc/experiments/E-MTAB-9304	dataset_or_repository		ArrayExpress_BioStudies_step1	drosophila embryo dorsal ventral patterning scrna seq	temporal_yes	ArrayExpress/Single Cell Expression Atlas record has explicit developmental stage/time axis	embryonic patterning/developmental stage	E-MTAB-9304	artifacts/biostudies_arrayexpress/arrayexpress_step1_added_v0.tsv	
A_explicit	Drosophila embryogenesis continuum	Drosophila melanogaster	sci-RNA-seq3 + sci-ATAC-seq3	0-20h windows	0	developmental	https://www.ncbi.nlm.nih.gov/geo/query/acc.cgi?acc=GSE190149	dataset_or_collection	https://pmc.ncbi.nlm.nih.gov/articles/PMC9371440/	seed	drosophila embryogenesis continuum	temporal_yes	explicit time axis already validated		GSE190149	artifacts/FINAL_temporal_pretraining_datasets_v3_expanded.tsv	
A_explicit	Extended mouse organogenesis atlas	Mus musculus	scRNA-seq	E6.5-E9.5 every ~6h	400000+	developmental	https://www.ebi.ac.uk/biostudies/arrayexpress/studies/E-MTAB-10843	dataset_or_collection	https://pmc.ncbi.nlm.nih.gov/articles/PMC10906099/	seed	extended mouse organogenesis	temporal_yes	explicit time axis already validated		E-MTAB-10843	artifacts/FINAL_temporal_pretraining_datasets_v3_expanded.tsv	
A_explicit	Gonadal single-cell RNA-seq of sea lamprey sexual differentiation	Petromyzon marinus	scRNA-seq	developmental sexual differentiation		developmental	https://www.ncbi.nlm.nih.gov/geo/query/acc.cgi?acc=GSE334273	dataset_or_repository		GEO_or_database_second_pass	gonadal single cell rna seq of sea lamprey sexual differentiation	temporal_yes	second pass retained because dataset title/source gives explicit developmental, spatiotemporal, regeneration, organoid, or perturbation time axis		GSE334273	artifacts/FINAL_temporal_pretraining_datasets_v3_expanded.tsv	
A_explicit	Human fetal lateral ganglionic eminence at 7, 9 and 11 post-conceptional weeks	Homo sapiens	scRNA-seq	7, 9, 11 post-conceptional weeks		developmental	https://www.ebi.ac.uk/gxa/sc/experiments/E-MTAB-8894	dataset_or_repository		ArrayExpress_BioStudies_step1	human fetal lateral ganglionic eminence at 7 9 and 11 post conceptional weeks	temporal_yes	ArrayExpress/Single Cell Expression Atlas record has explicit developmental stage/time axis	7, 9, 11 post-conceptional weeks	E-MTAB-8894	artifacts/biostudies_arrayexpress/arrayexpress_step1_added_v0.tsv	
A_explicit	Human preimplantation embryo single-cell RNA-seq lineage formation	Homo sapiens	scRNA-seq	preimplantation embryo stages		developmental	https://www.ebi.ac.uk/gxa/sc/experiments/E-MTAB-3929/downloads	dataset_or_repository		ArrayExpress_BioStudies_step1	human preimplantation embryo single cell rna seq lineage formation	temporal_yes	ArrayExpress/Single Cell Expression Atlas record has explicit developmental stage/time axis	preimplantation embryo stages	E-MTAB-3929	artifacts/biostudies_arrayexpress/arrayexpress_step1_added_v0.tsv	
A_explicit	Molecular Logic of Cellular Diversification in the Mammalian Cerebral Cortex		single-cell RNA-seq	The neocortex has an unparalleled diversity of cell types, which are generated during development through a series of te	98047	developmental	https://singlecell.broadinstitute.org/single_cell/study/SCP1290	dataset_or_repository		Single_Cell_Portal_step2	molecular logic of cellular diversification in the mammalian cerebral cortex	temporal_yes	Single Cell Portal result/title describes developmental trajectory, staged development, regeneration, or organoid maturation	The neocortex has an unparalleled diversity of cell types, which are generated during development through a series of temporally orchestrated events that are under tight evolutionary constraint and ar	SCP1290	artifacts/single_cell_portal/single_cell_portal_step2_added_v0.tsv	
A_explicit	Mouse embryogenesis systematic reconstruction	Mus musculus	scRNA/snRNA-seq	E3.5-E13.5, 19 stages	1660000	developmental	https://descartes.brotmanbaty.org/	dataset_or_collection	https://pmc.ncbi.nlm.nih.gov/articles/PMC8920898/	seed	mouse embryogenesis systematic reconstruction	temporal_yes	explicit time axis already validated			artifacts/FINAL_temporal_pretraining_datasets_v3_expanded.tsv	
A_explicit	Mouse gastrulation and early organogenesis	Mus musculus	scRNA-seq	E6.5-E8.5 every ~6h	116000	developmental	https://explore.data.humancellatlas.org/projects/1defdada-a365-44ad-9b29-443b06bd11d6	dataset_or_collection	https://pmc.ncbi.nlm.nih.gov/articles/PMC6522369/	seed	mouse gastrulation and early organogenesis	temporal_yes	explicit time axis already validated			artifacts/FINAL_temporal_pretraining_datasets_v3_expanded.tsv	
A_explicit	Nine tissue types expressing Hand-GFP in developing Drosophila embryos		single-cell RNA-seq	This dataset covers single-cell RNA-seq from Hand-GFP transgenic Drosophila lines. Hand is a well-known key transcriptio	34203	developmental	https://singlecell.broadinstitute.org/single_cell/study/SCP1469	dataset_or_repository		Single_Cell_Portal_step2	nine tissue types expressing hand gfp in developing drosophila embryos	temporal_yes	Single Cell Portal result/title describes developmental trajectory, staged development, regeneration, or organoid maturation	This dataset covers single-cell RNA-seq from Hand-GFP transgenic Drosophila lines. Hand is a well-known key transcription factor for cardiogenesis, hemopoiesis and muscle development in Drosophila (Ha	SCP1469	artifacts/single_cell_portal/single_cell_portal_step2_added_v0.tsv	
A_explicit	Organogenetic transcriptomes of Drosophila embryo at single-cell resolution	Drosophila melanogaster	scRNA-seq	Drosophila embryo organogenesis stages		developmental	https://www.ebi.ac.uk/gxa/sc/experiments/E-GEOD-234602	dataset_or_repository		ArrayExpress_BioStudies_step1	organogenetic transcriptomes of drosophila embryo at single cell resolution	temporal_yes	ArrayExpress/Single Cell Expression Atlas record has explicit developmental stage/time axis	Drosophila embryo organogenesis stages	E-GEOD-234602	artifacts/biostudies_arrayexpress/arrayexpress_step1_added_v0.tsv	
A_explicit	Rabbit embryo PGC emergence single-cell RNA-seq	Oryctolagus cuniculus	scRNA-seq	bilaminar disc rabbit embryo stages		developmental	https://www.ebi.ac.uk/gxa/sc/experiments/E-MTAB-10894	dataset_or_repository		ArrayExpress_BioStudies_step1	rabbit embryo pgc emergence single cell rna seq	temporal_yes	ArrayExpress/Single Cell Expression Atlas record has explicit developmental stage/time axis	bilaminar disc rabbit embryo stages	E-MTAB-10894	artifacts/biostudies_arrayexpress/arrayexpress_step1_added_v0.tsv	
A_explicit	Rat kidney postnatal development scRNA-seq six-timepoint atlas	Rattus norvegicus	scRNA-seq	postnatal days 0,2,5,10,20,56	54704	developmental	https://www.ncbi.nlm.nih.gov/geo/query/acc.cgi?term=GSE173650	dataset_or_collection	https://www.nature.com/articles/s41420-021-00542-9	extra_web	rat kidney postnatal development six time points scRNA	temporal_yes	explicit time axis already validated		GSE173650	artifacts/FINAL_temporal_pretraining_datasets_v3_expanded.tsv	
A_explicit	Single cell RNA-seq of in vitro cultured human embryos	Homo sapiens	scRNA-seq	in vitro cultured human embryo stages		developmental	https://www.ebi.ac.uk/gxa/sc/experiments/E-MTAB-8060	dataset_or_repository		ArrayExpress_BioStudies_step1	single cell rna seq of in vitro cultured human embryos	temporal_yes	ArrayExpress/Single Cell Expression Atlas record has explicit developmental stage/time axis	in vitro cultured human embryo stages	E-MTAB-8060	artifacts/biostudies_arrayexpress/arrayexpress_step1_added_v0.tsv	
A_explicit	Single cell transcriptome of cortical inhibitory neurons from the developing mouse brain	Mus musculus	scRNA-seq	developing mouse brain stages		developmental	https://www.ncbi.nlm.nih.gov/geo/query/acc.cgi?acc=GSE280655	dataset_or_repository		GEO_or_database_second_pass	single cell transcriptome of cortical inhibitory neurons from the developing mou	temporal_yes	second pass retained because dataset title/source gives explicit developmental, spatiotemporal, regeneration, organoid, or perturbation time axis		GSE280655	artifacts/FINAL_temporal_pretraining_datasets_v3_expanded.tsv	
A_explicit	Single-Cell Atlas of Early Chick Development	Gallus gallus	single-cell RNA-seq	early chick development	26971	developmental	https://singlecell.broadinstitute.org/single_cell/study/SCP1570/single-cell-atlas-of-early-chick-development	dataset_or_repository		Single_Cell_Portal_step2	single cell atlas of early chick development	temporal_yes	Single Cell Portal result/title describes developmental trajectory, staged development, regeneration, or organoid maturation	early chick development	SCP1570	artifacts/single_cell_portal/single_cell_portal_step2_added_v0.tsv	
A_explicit	Single-Cell Characterization of Anterior Segment Development: Cell Types, Pathways, and Signals Driving Formation of the Trabecular Meshwork and Schlemms Canal		single-cell RNA-seq	Morphogenesis of the anterior segment (AS) is crucial for healthy ocular physiology and vision but is only partially und	129938	developmental	https://singlecell.broadinstitute.org/single_cell/study/SCP3301	dataset_or_repository		Single_Cell_Portal_step2	single cell characterization of anterior segment development cell types pathways	temporal_yes	Single Cell Portal result/title describes developmental trajectory, staged development, regeneration, or organoid maturation	Morphogenesis of the anterior segment (AS) is crucial for healthy ocular physiology and vision but is only partially understood. The Schlemm’s canal (SC) and trabecular meshwork (TM) are essential dra	SCP3301	artifacts/single_cell_portal/single_cell_portal_step2_added_v0.tsv	
A_explicit	Single-cell Reconstruction of Developmental Trajectories During Zebrafish Embryogenesis		single-cell RNA-seq	"Single-cell reconstruction of developmental trajectories during zebrafish embryogenesis
 
 Farrell JA* and Wang Y*, Ries"	38731	developmental	https://singlecell.broadinstitute.org/single_cell/study/SCP162	dataset_or_repository		Single_Cell_Portal_step2	single cell reconstruction of developmental trajectories during zebrafish embryo	temporal_yes	Single Cell Portal result/title describes developmental trajectory, staged development, regeneration, or organoid maturation	"Single-cell reconstruction of developmental trajectories during zebrafish embryogenesis
 
 Farrell JA* and Wang Y*, Riesenfeld SJ, Shekhar K, Regev A* and Schier AF*. Single-cell reconstruction of dev"	SCP162	artifacts/single_cell_portal/single_cell_portal_step2_added_v0.tsv	
A_explicit	Single-cell RNA-seq of blastomeres from 2- to 32-cell stage mouse embryos	Mus musculus	scRNA-seq	2- to 32-cell embryo stages		developmental	https://www.ebi.ac.uk/gxa/sc/experiments/E-MTAB-3321	dataset_or_repository		ArrayExpress_BioStudies_step1	single cell rna seq of blastomeres from 2 to 32 cell stage mouse embryos	temporal_yes	ArrayExpress/Single Cell Expression Atlas record has explicit developmental stage/time axis	2- to 32-cell embryo stages	E-MTAB-3321	artifacts/biostudies_arrayexpress/arrayexpress_step1_added_v0.tsv	
A_explicit	Single-cell transcriptome atlas of human embryos after gastrulation	Homo sapiens	scRNA-seq	human embryos after gastrulation stages		developmental	https://www.ncbi.nlm.nih.gov/geo/query/acc.cgi?acc=GSE325829	dataset_or_repository		GEO_or_database_second_pass	single cell transcriptome atlas of human embryos after gastrulation	temporal_yes	second pass retained because dataset title/source gives explicit developmental, spatiotemporal, regeneration, organoid, or perturbation time axis		GSE325829	artifacts/FINAL_temporal_pretraining_datasets_v3_expanded.tsv	
A_explicit	Six cell types in the developing Drosophila embryonic heart		single-cell RNA-seq	Drosophila has been instrumental in identifying novel genes and pathways required for heart development, and in uncoveri	2857	developmental	https://singlecell.broadinstitute.org/single_cell/study/SCP1467	dataset_or_repository		Single_Cell_Portal_step2	six cell types in the developing drosophila embryonic heart	temporal_yes	Single Cell Portal result/title describes developmental trajectory, staged development, regeneration, or organoid maturation	Drosophila has been instrumental in identifying novel genes and pathways required for heart development, and in uncovering the genetic and molecular causes of heart disease. However, unlike other mode	SCP1467	artifacts/single_cell_portal/single_cell_portal_step2_added_v0.tsv	
A_explicit	Timecourse single-cell RNAseq of whole mouse embryos harvested between days 6.5 and 8.5	Mus musculus	scRNA-seq	E6.5-E8.5 every six hours		developmental	https://www.ebi.ac.uk/arrayexpress/experiments/E-MTAB-6967/	dataset_or_repository		ArrayExpress_BioStudies_step1	timecourse single cell rnaseq of whole mouse embryos harvested between days 6 5 	temporal_yes	ArrayExpress/Single Cell Expression Atlas record has explicit developmental stage/time axis	E6.5-E8.5 every six hours	E-MTAB-6967	artifacts/biostudies_arrayexpress/arrayexpress_step1_added_v0.tsv	
A_explicit	Zebrahub	Danio rerio	scRNA-seq + imaging	0-somite to 10 dpf	120000	developmental	https://figshare.com/articles/dataset/Zebrahub_single_cell_dataset/20510367	dataset_or_repository		seed	zebrahub	temporal_yes	explicit time axis already validated			artifacts/FINAL_temporal_pretraining_datasets_v3_expanded.tsv	
A_explicit	Spatially resolved single cell atlas of human gastrulation	Homo sapiens	scRNA-seq/spatially resolved atlas	human gastrulation stage		developmental;spatial	https://www.ebi.ac.uk/gxa/sc/experiments/E-MTAB-9388	dataset_or_repository		ArrayExpress_BioStudies_step1	spatially resolved single cell atlas of human gastrulation	temporal_yes	ArrayExpress/Single Cell Expression Atlas record has explicit developmental stage/time axis	human gastrulation stage	E-MTAB-9388	artifacts/biostudies_arrayexpress/arrayexpress_step1_added_v0.tsv	
A_explicit	NASC-seq	mixed	single-cell metabolic labeling	new/pre-existing RNA	0	metabolic_labeling;explicit_timecourse	https://www.ncbi.nlm.nih.gov/geo/query/acc.cgi?acc=GSE128273	dataset_or_repository	https://pmc.ncbi.nlm.nih.gov/articles/PMC6637240/	seed	nasc seq	temporal_yes	explicit time axis already validated		GSE128273	artifacts/FINAL_temporal_pretraining_datasets_v3_expanded.tsv	
A_explicit	scNT-seq	mixed	4sU metabolic labeling scRNA	time-resolved labeling	55000	metabolic_labeling;explicit_timecourse	https://www.ncbi.nlm.nih.gov/geo/query/acc.cgi?acc=GSE141851	dataset_or_collection	https://pmc.ncbi.nlm.nih.gov/articles/PMC8103797/	seed	scnt seq	temporal_yes	explicit time axis already validated		GSE141851	artifacts/FINAL_temporal_pretraining_datasets_v3_expanded.tsv	Resolved exact GEO accession for 2021 scNT-seq paper: GSE141851; previous URL was broad GEO search. RAW.tar contains TXT.gz tagged DGE C/T matrices requiring converter.
A_explicit	scSLAM-seq	mixed	scRNA-seq + SLAM labeling	labeling windows	0	metabolic_labeling;explicit_timecourse	https://www.ncbi.nlm.nih.gov/geo/query/acc.cgi?acc=GSE115612	dataset_or_collection	https://www.nature.com/articles/s41586-019-1369-y	seed	scslam seq	temporal_yes	explicit time axis already validated		GSE115612	artifacts/FINAL_temporal_pretraining_datasets_v3_expanded.tsv	
A_explicit	Ceratitis capitata LSFM embryogenesis	Ceratitis capitata	light-sheet microscopy	live embryogenesis	0	microscopy;developmental	https://zenodo.org/communities/cc_embryo_ls/records?q=&l=list&p=1&s=10&sort=newest	dataset_or_collection	https://www.nature.com/articles/s41597-022-01443-x	seed	ceratitis capitata lsfm embryogenesis	temporal_yes	explicit time axis already validated			artifacts/FINAL_temporal_pretraining_datasets_v3_expanded.tsv	
A_explicit	Homo sapiens retina organoid/development scRNA-seq Odd001126	Homo sapiens	scRNA-seq	day-resolved organoid development		organoid_development_timecourse	http://www.inbirg.com/organoid_db/detail/Odd001126	OrganoidDB_dataset	https://www.ncbi.nlm.nih.gov/geo/query/acc.cgi?acc=GSE142526	OrganoidDB	organoiddb Odd001126 GSE142526	temporal_yes	OrganoidDB browse marks study_type=Development, platform=scRNA-Seq; detail page gives development time unit day and GEO GSE142526	Single cell Analysis of fetal retina versus human retinal organoids	GSE142526	artifacts/organoiddb/organoiddb_step4_added_v0.tsv	
A_explicit	Homo sapiens retina organoid/development scRNA-seq Odd001132	Homo sapiens	scRNA-seq	day-resolved organoid development		organoid_development_timecourse	http://www.inbirg.com/organoid_db/detail/Odd001132	OrganoidDB_dataset	https://www.ncbi.nlm.nih.gov/geo/query/acc.cgi?acc=GSE152212	OrganoidDB	organoiddb Odd001132 GSE152212	temporal_yes	OrganoidDB browse marks study_type=Development, platform=scRNA-Seq; detail page gives development time unit day and GEO GSE152212	single cell RNAseq of wild type, RPGRIP1 KO, and CRB1 KO human retinal organoids at days 70, 90, 120, 150, 190, and 225	GSE152212	artifacts/organoiddb/organoiddb_step4_added_v0.tsv	
A_explicit	Human blood vessel organoid/development scRNA-seq Odd001155	Homo sapiens	scRNA-seq	day-resolved organoid development		organoid_development_timecourse	http://www.inbirg.com/organoid_db/detail/Odd001155	OrganoidDB_dataset	https://www.ncbi.nlm.nih.gov/geo/query/acc.cgi?acc=GSE196799	OrganoidDB	organoiddb Odd001155 GSE196799	temporal_yes	OrganoidDB browse marks study_type=Development, platform=scRNA-Seq; detail page gives development time unit day and GEO GSE196799	single-cell RNA sequencing of hiPSC-derived endothelial cells in different 3D microenvironments to study differentiation efficiency and impacts on sprouting, tubulogenesis, and cell type maturation	GSE196799	artifacts/organoiddb/organoiddb_step4_added_v0.tsv	
A_explicit	Human cortical organoid differentiation weeks 0-5 / scRNA weeks 1,2,5	Homo sapiens	scRNA-seq	week-resolved organoid development		organoid_development_timecourse	http://www.inbirg.com/organoid_db/detail/Odd001097	OrganoidDB_dataset	https://www.ncbi.nlm.nih.gov/geo/query/acc.cgi?acc=GSE106245	OrganoidDB	organoiddb Odd001097 GSE106245	temporal_yes	OrganoidDB browse marks study_type=Development, platform=scRNA-Seq; detail page gives development time unit week and GEO GSE106245	Bulk RNAseq of hESCs, ch-iPSCs, or-iPSCs, rhESCs, and each of 6 time points corresponding to weeks 0, 1, 2, 3, 4, and 5 during cortical organoid differentiation. Single cell RNAseq of human ESCs, week 1, week 2, and week 5 organoids.	GSE106245	artifacts/organoiddb/organoiddb_step4_added_v0.tsv	
A_explicit	Human pancreas organoid/development scRNA-seq Odd001138	Homo sapiens	scRNA-seq	day-resolved organoid development		organoid_development_timecourse	http://www.inbirg.com/organoid_db/detail/Odd001138	OrganoidDB_dataset	https://www.ncbi.nlm.nih.gov/geo/query/acc.cgi?acc=GSE162547	OrganoidDB	organoiddb Odd001138 GSE162547	temporal_yes	OrganoidDB browse marks study_type=Development, platform=scRNA-Seq; detail page gives development time unit day and GEO GSE162547	single cell RNA sequencing of pancreatic duct-like organoids differentation kinetics	GSE162547	artifacts/organoiddb/organoiddb_step4_added_v0.tsv	
A_explicit	Human paraxial mesoderm organoid/development scRNA-seq Odd001154	Homo sapiens	scRNA-seq	day-resolved organoid development		organoid_development_timecourse	http://www.inbirg.com/organoid_db/detail/Odd001154	OrganoidDB_dataset	https://www.ncbi.nlm.nih.gov/geo/query/acc.cgi?acc=GSE194214	OrganoidDB	organoiddb Odd001154 GSE194214	temporal_yes	OrganoidDB browse marks study_type=Development, platform=scRNA-Seq; detail page gives development time unit day and GEO GSE194214	Single-cell mRNA sequencing of human iPSC-derived paraxial mesoderm organoids (Somitoids).	GSE194214	artifacts/organoiddb/organoiddb_step4_added_v0.tsv	
A_explicit	Human PSC-derived kidney organoid differentiation scRNA-seq	Homo sapiens	scRNA-seq	day-resolved organoid development		organoid_development_timecourse	http://www.inbirg.com/organoid_db/detail/Odd001100	OrganoidDB_dataset	https://www.ncbi.nlm.nih.gov/geo/query/acc.cgi?acc=GSE118184	OrganoidDB	organoiddb Odd001100 GSE118184	temporal_yes	OrganoidDB browse marks study_type=Development, platform=scRNA-Seq; detail page gives development time unit day and GEO GSE118184	Dropseq and 10X Chromium were used to profile organoid cells and adult kidney nuclei	GSE118184	artifacts/organoiddb/organoiddb_step4_added_v0.tsv	
A_explicit	Human retina development organoid-related scRNA-seq	Homo sapiens	scRNA-seq	day-resolved organoid development		organoid_development_timecourse	http://www.inbirg.com/organoid_db/detail/Odd001099	OrganoidDB_dataset	https://www.ncbi.nlm.nih.gov/geo/query/acc.cgi?acc=GSE138002	OrganoidDB	organoiddb Odd001099 GSE138002	temporal_yes	OrganoidDB browse marks study_type=Development, platform=scRNA-Seq; detail page gives development time unit day and GEO GSE138002	10x Genomics V2 single-cell RNA-sequencing	GSE138002	artifacts/organoiddb/organoiddb_step4_added_v0.tsv	
A_explicit	Mouse embryonic heart organoid/development scRNA-seq Odd001137	Mus musculus	scRNA-seq	day-resolved organoid development		organoid_development_timecourse	http://www.inbirg.com/organoid_db/detail/Odd001137	OrganoidDB_dataset	https://www.ncbi.nlm.nih.gov/geo/query/acc.cgi?acc=GSE158999	OrganoidDB	organoiddb Odd001137 GSE158999	temporal_yes	OrganoidDB browse marks study_type=Development, platform=scRNA-Seq; detail page gives development time unit day and GEO GSE158999	10x single-cell RNA-seq of gastruloids at day 4, 5, 6 and 7, in duplicates.	GSE158999	artifacts/organoiddb/organoiddb_step4_added_v0.tsv	
A_explicit	Mouse intestinal organoid/development scRNA-seq Odd001151	Mus musculus	scRNA-seq	day-resolved organoid development		organoid_development_timecourse	http://www.inbirg.com/organoid_db/detail/Odd001151	OrganoidDB_dataset	https://www.ncbi.nlm.nih.gov/geo/query/acc.cgi?acc=GSE148093	OrganoidDB	organoiddb Odd001151 GSE148093	temporal_yes	OrganoidDB browse marks study_type=Development, platform=scRNA-Seq; detail page gives development time unit day and GEO GSE148093	Single intestinal organoids were processed at single-cell resolution using deterministic encapsulation of cells with mRNA capture beads.	GSE148093	artifacts/organoiddb/organoiddb_step4_added_v0.tsv	
A_explicit	OrganoidDB Odd001111 Cerebral cortex organoid development scRNA-seq	Homo sapiens	scRNA-seq	month-resolved organoid development		organoid_development_timecourse	http://www.inbirg.com/organoid_db/detail/Odd001111	OrganoidDB_dataset	https://www.ncbi.nlm.nih.gov/geo/query/acc.cgi?acc=GSE130238	OrganoidDB	organoiddb Odd001111 GSE130238	temporal_yes	OrganoidDB browse marks study_type=Development, platform=scRNA-Seq; detail page gives development time unit month and GEO GSE130238	Profling of single cell RNA-Seq for 1, 3, 6, and 10 month-old human cortical organoids	GSE130238	artifacts/organoiddb/organoiddb_step4_added_v0.tsv	
B_candidate_needs_timepoint_metadata	An alternative cell cycle coordinates multiciliated cell differentiation	Mus musculus	10x 3' v3	needs_metadata_validation	151275	organoid_or_in_vitro_diff	https://cellxgene.cziscience.com/collections/c26ca66a-63ea-4059-a24e-0e0be0a2a173	CELLxGENE_collection		CELLxGENE	an alternative cell cycle coordinates multiciliated cell differentiation	temporal_yes	title/category indicates explicit developmental, perturbation, regeneration, or time-series axis			artifacts/FINAL_temporal_pretraining_datasets_v3_expanded.tsv	
B_candidate_needs_timepoint_metadata	Cell culture differentiation and proliferation conditions influence the in vitro regeneration of the human airway epithelium	Homo sapiens	10x 3' v2	needs_metadata_validation	10224	organoid_or_in_vitro_diff	https://cellxgene.cziscience.com/collections/73cf6939-3caa-4105-bc57-e073ee885a28	CELLxGENE_collection		CELLxGENE	cell culture differentiation and proliferation conditions influence the in vitro	temporal_yes	title/category indicates explicit developmental, perturbation, regeneration, or time-series axis			artifacts/FINAL_temporal_pretraining_datasets_v3_expanded.tsv	
B_candidate_needs_timepoint_metadata	Differential cell composition and split epidermal differentiation in human palm, sole, and hip skin	Homo sapiens	10x 3' v2;10x 3' v3	needs_metadata_validation	27017	organoid_or_in_vitro_diff	https://cellxgene.cziscience.com/collections/6d203948-a779-4b69-9b3f-1ee1dadc3980	CELLxGENE_collection		CELLxGENE	differential cell composition and split epidermal differentiation in human palm 	temporal_yes	title/category indicates explicit developmental, perturbation, regeneration, or time-series axis			artifacts/FINAL_temporal_pretraining_datasets_v3_expanded.tsv	
B_candidate_needs_timepoint_metadata	Generation of complex human induced pluripotent stem cell-derived bone marrow organoids	Homo sapiens	10x 3' v3	needs_metadata_validation	31040	organoid_or_in_vitro_diff	https://cellxgene.cziscience.com/collections/59cd85c5-3b22-4035-b628-2a20810ad54b	CELLxGENE_collection		CELLxGENE	generation of complex human induced pluripotent stem cell derived bone marrow or	temporal_yes	title/source describes developmental trajectory or differentiation; no download needed for coarse inclusion	unknown		artifacts/FINAL_temporal_pretraining_datasets_v3_expanded.tsv	
B_candidate_needs_timepoint_metadata	HiPSC-derived retinal organoid subpopulations from healthy and POAG donors	Homo sapiens	10x 3' v2	needs_metadata_validation	247520	organoid_or_in_vitro_diff	https://cellxgene.cziscience.com/collections/2600aac1-ef5e-4dcd-bbc9-f9f3d8a613ea	CELLxGENE_collection		CELLxGENE	hipsc derived retinal organoid subpopulations from healthy and poag donors	temporal_yes	title/source describes developmental trajectory or differentiation; no download needed for coarse inclusion	adult stage		artifacts/FINAL_temporal_pretraining_datasets_v3_expanded.tsv	
A_explicit	Human brain organoids record the passage of time over multiple years		single-cell RNA-seq	The human brain develops and matures over an exceptionally prolonged period of time that spans nearly two decades of lif		organoid_or_in_vitro_diff	https://singlecell.broadinstitute.org/single_cell/study/SCP3697	dataset_or_repository		Single_Cell_Portal_step2	human brain organoids record the passage of time over multiple years	temporal_yes	Single Cell Portal result/title describes developmental trajectory, staged development, regeneration, or organoid maturation	The human brain develops and matures over an exceptionally prolonged period of time that spans nearly two decades of life. Processes that govern species-specific aspects of human postnatal brain devel	SCP3697	artifacts/single_cell_portal/single_cell_portal_step2_added_v0.tsv	
A_explicit	Human Kidney Organoids Atlas		single-cell RNA-seq	Subramanian, A., Sidhom, E. H., Emani, M., Vernon, K., Sahakian, N., Zhou, Y., Kost-Alimova, M., Slyper, M., Waldman, J.		organoid_or_in_vitro_diff	https://singlecell.broadinstitute.org/single_cell/study/SCP211	dataset_or_repository		Single_Cell_Portal_step2	human kidney organoids atlas	temporal_yes	Single Cell Portal result/title describes developmental trajectory, staged development, regeneration, or organoid maturation	Subramanian, A., Sidhom, E. H., Emani, M., Vernon, K., Sahakian, N., Zhou, Y., Kost-Alimova, M., Slyper, M., Waldman, J., Dionne, D., Nguyen, L. T., Weins, A., Marshall, J. L., Rosenblatt-Rosen, O., R	SCP211	artifacts/single_cell_portal/single_cell_portal_step2_added_v0.tsv	
B_candidate_needs_timepoint_metadata	Mapping the temporal and spatial dynamics of the human endometrium in vivo and in vitro	Homo sapiens	10x 3' v2;10x 3' v3	needs_metadata_validation	229708	organoid_or_in_vitro_diff	https://cellxgene.cziscience.com/collections/32f2fd23-ec74-486f-9544-e5b2f41725f5	CELLxGENE_collection		CELLxGENE	mapping the temporal and spatial dynamics of the human endometrium in vivo and i	temporal_yes	title/source describes developmental trajectory or differentiation; no download needed for coarse inclusion	26-year-old stage;28-year-old stage;29-year-old stage;37-year-old stage;third decade stage;young adult stage		artifacts/FINAL_temporal_pretraining_datasets_v3_expanded.tsv	
A_explicit	Micropatterned organoid platform for human forebrain development	Homo sapiens	scRNA-seq/organoid	forebrain organoid development		organoid_or_in_vitro_diff	https://www.ncbi.nlm.nih.gov/geo/query/acc.cgi?acc=GSE293573	dataset_or_repository		GEO_or_database_second_pass	micropatterned organoid platform for human forebrain development	temporal_yes	second pass retained because dataset title/source gives explicit developmental, spatiotemporal, regeneration, organoid, or perturbation time axis		GSE293573	artifacts/FINAL_temporal_pretraining_datasets_v3_expanded.tsv	
A_explicit	Reproducible Brain Organoids		single-cell RNA-seq	Individual brain organoids reproducibly form cell diversity of the human cerebral cortexSilvia Velasco, Amanda J. Kedaig	166242	organoid_or_in_vitro_diff	https://singlecell.broadinstitute.org/single_cell/study/SCP282	dataset_or_repository		Single_Cell_Portal_step2	reproducible brain organoids	temporal_yes	Single Cell Portal result/title describes developmental trajectory, staged development, regeneration, or organoid maturation	Individual brain organoids reproducibly form cell diversity of the human cerebral cortexSilvia Velasco, Amanda J. Kedaigle, Sean K. Simmons, Allison Nash, Marina Rocha, Giorgia Quadrato, Bruna Paulsen	SCP282	artifacts/single_cell_portal/single_cell_portal_step2_added_v0.tsv	
A_explicit	single-cell Human Organoid Bank	Homo sapiens	scRNA-seq/scATAC-seq organoids	organoid protocols/samples across developmental references		organoid_or_in_vitro_diff	https://schob.su-lab.org/	dataset_or_repository		GEO_or_database_second_pass	single cell human organoid bank	temporal_yes	second pass retained because dataset title/source gives explicit developmental, spatiotemporal, regeneration, organoid, or perturbation time axis			artifacts/FINAL_temporal_pretraining_datasets_v3_expanded.tsv	
A_explicit	Stable chambered cardioids from human pluripotent stem cells scRNA-seq	Homo sapiens	scRNA-seq/organoid	cardioid development from hPSC		organoid_or_in_vitro_diff	https://www.ncbi.nlm.nih.gov/geo/query/acc.cgi?acc=GSE269572	dataset_or_repository		GEO_or_database_second_pass	stable chambered cardioids from human pluripotent stem cells scrna seq	temporal_yes	second pass retained because dataset title/source gives explicit developmental, spatiotemporal, regeneration, organoid, or perturbation time axis		GSE269572	artifacts/FINAL_temporal_pretraining_datasets_v3_expanded.tsv	
B_candidate_needs_timepoint_metadata	Time-resolved single-cell analysis of Brca1 associated mammary tumourigenesis reveals aberrant differentiation of luminal progenitors	Mus musculus	10x 3' v2;10x 3' v3	needs_metadata_validation	197896	organoid_or_in_vitro_diff	https://cellxgene.cziscience.com/collections/bae2ee8c-b49c-41d0-9097-960d18a39e20	CELLxGENE_collection		CELLxGENE	time resolved analysis of brca1 associated mammary tumourigenesis reveals aberra	temporal_yes	has explicit time/longitudinal/regeneration signal despite noisy terms			artifacts/FINAL_temporal_pretraining_datasets_v3_expanded.tsv	
B_candidate_needs_timepoint_metadata	Transcriptomic Analysis of Air-Liquid Interface Culture in Human Lung Organoids Reveals Regulators of Epithelial Differentiation	Homo sapiens	10x 3' v3	needs_metadata_validation	15806	organoid_or_in_vitro_diff	https://cellxgene.cziscience.com/collections/e9cf4e8d-05ed-4d95-b550-af35ca219390	CELLxGENE_collection		CELLxGENE	transcriptomic analysis of air liquid interface culture in human lung organoids 	temporal_yes	title/category indicates explicit developmental, perturbation, regeneration, or time-series axis			artifacts/FINAL_temporal_pretraining_datasets_v3_expanded.tsv	
A_explicit	Trajectory-resolved human kidney organoid developmental toxicity model	Homo sapiens	single-cell/organoid	kidney organoid trajectory/developmental toxicity		organoid_or_in_vitro_diff;perturbation_timecourse	https://www.ncbi.nlm.nih.gov/geo/query/acc.cgi?acc=GSE329346	dataset_or_repository		GEO_or_database_second_pass	trajectory resolved human kidney organoid developmental toxicity model	temporal_yes	second pass retained because dataset title/source gives explicit developmental, spatiotemporal, regeneration, organoid, or perturbation time axis		GSE329346	artifacts/FINAL_temporal_pretraining_datasets_v3_expanded.tsv	
A_explicit	A transcription factor atlas of directed differentiation	Homo sapiens	single-cell perturbation RNA	perturbation developmental/differentiation trajectory; exact timepoints require sample metadata	56857	perturbation_development_or_reprogramming	http://www.perturbase.cn/repository/1	PerturBase_dataset	https://www.ncbi.nlm.nih.gov/geo/query/acc.cgi?acc=GSE216481	PerturBase	perturbase GSE216481	temporal_yes	PerturBase dataset/list metadata: title/model/perturbation fields indicate temporal developmental/differentiation/reprogramming biology; compacted dataIndex=180124_perturb;201218_RNA;210322_TFAtlas;210715_combinatorial;PRJNA893678	Embryonic stem cells | ORF overexpression | Activation	GSE216481;PRJNA893678	artifacts/perturbase/perturbase_step5_added_v0.tsv	
A_explicit	Defining the Teratoma as a Model for Multi-lineage Human Development	Homo sapiens	single-cell perturbation RNA	perturbation developmental/differentiation trajectory; exact timepoints require sample metadata	17340	perturbation_development_or_reprogramming	http://www.perturbase.cn/repository/21	PerturBase_dataset	https://www.ncbi.nlm.nih.gov/geo/query/acc.cgi?acc=GSE156170	PerturBase	perturbase GSE156170	temporal_yes	PerturBase dataset/list metadata: title/model/perturbation fields indicate temporal developmental/differentiation/reprogramming biology; compacted dataIndex=neural-matrices;screen-matrices;screen-repool-matrices	Multiple teratoma cell types | CRISPRKO | Inhibition	GSE156170;PRJNA656958	artifacts/perturbase/perturbase_step5_added_v0.tsv	
A_explicit	High-throughput single-cell functional elucidation of neurodevelopmental disease–associated genes reveals convergent mechanisms altering neuronal differentiation	Homo sapiens	single-cell perturbation RNA	perturbation developmental/differentiation trajectory; exact timepoints require sample metadata	7684	perturbation_development_or_reprogramming	http://www.perturbase.cn/repository/71	PerturBase_dataset	https://www.ncbi.nlm.nih.gov/geo/query/acc.cgi?acc=GSE142078	PerturBase	perturbase GSE142078	temporal_yes	PerturBase dataset/list metadata: title/model/perturbation fields indicate temporal developmental/differentiation/reprogramming biology; compacted dataIndex=PRJNA595864	LUHMES | CRISPRi | Inhibition	GSE142078;PRJNA595864	artifacts/perturbase/perturbase_step5_added_v0.tsv	
A_explicit	Mapping Cellular Reprogramming via Pooled Overexpression Screens with Paired Fitness and Single Cell RNA-Sequencing Readout	Homo sapiens	single-cell perturbation RNA	perturbation developmental/differentiation trajectory; exact timepoints require sample metadata	8428	perturbation_development_or_reprogramming	http://www.perturbase.cn/repository/11	PerturBase_dataset	https://www.ncbi.nlm.nih.gov/geo/query/acc.cgi?acc=GSE107185	PerturBase	perturbase GSE107185	temporal_yes	PerturBase dataset/list metadata: title/model/perturbation fields indicate temporal developmental/differentiation/reprogramming biology; compacted dataIndex=extend_61;pilot_14	hPSC | ORF overexpression | Activation	GSE107185;PRJNA419230	artifacts/perturbase/perturbase_step5_added_v0.tsv	
A_explicit	Optimal-transport analysis of single-cell gene expression identifies developmental trajectories in reprogramming	Mus musculus	single-cell perturbation RNA	perturbation developmental/differentiation trajectory; exact timepoints require sample metadata	66949	perturbation_development_or_reprogramming	http://www.perturbase.cn/repository/69	PerturBase_dataset	https://www.ncbi.nlm.nih.gov/geo/query/acc.cgi?acc=GSE122662	PerturBase	perturbase GSE122662	temporal_yes	PerturBase dataset/list metadata: title/model/perturbation fields indicate temporal developmental/differentiation/reprogramming biology; compacted dataIndex=PRJNA505909	MEF | Drug treatment | Drug treatment	GSE122662;PRJNA505909	artifacts/perturbase/perturbase_step5_added_v0.tsv	
A_explicit	Single-Cell RNA-Sequencing-Based CRISPRi Screening Resolves Molecular Drivers of Early Human Endoderm Development	Homo sapiens	single-cell perturbation RNA	perturbation developmental/differentiation trajectory; exact timepoints require sample metadata	13165	perturbation_development_or_reprogramming	http://www.perturbase.cn/repository/17	PerturBase_dataset	https://www.ncbi.nlm.nih.gov/geo/query/acc.cgi?acc=GSE127202	PerturBase	perturbase GSE127202	temporal_yes	PerturBase dataset/list metadata: title/model/perturbation fields indicate temporal developmental/differentiation/reprogramming biology; compacted dataIndex=PRJNA524331	hESC | CRISPRi | Inhibition	GSE127202;PRJNA524331	artifacts/perturbase/perturbase_step5_added_v0.tsv	
A_explicit	Mouse neural retina response to sodium iodate scRNA-seq	Mus musculus	scRNA-seq	injury response timecourse candidate		perturbation_or_regeneration	https://www.ncbi.nlm.nih.gov/geo/query/acc.cgi?acc=GSE312010	dataset_or_repository		GEO_or_database_second_pass	mouse neural retina response to sodium iodate scrna seq	temporal_yes	second pass retained because dataset title/source gives explicit developmental, spatiotemporal, regeneration, organoid, or perturbation time axis		GSE312010	artifacts/FINAL_temporal_pretraining_datasets_v3_expanded.tsv	
B_candidate_needs_timepoint_metadata	Cellular and Spatial Drivers of Unresolved Injury and Functional Decline in the Human Kidney	Homo sapiens;Mus musculus	10x 3' v2;10x 3' v3;10x multiome	needs_metadata_validation	2053391	perturbation_regeneration_timecourse	https://cellxgene.cziscience.com/collections/9c9d04c4-8899-417f-bb6f-6107dcadf14f	CELLxGENE_collection		CELLxGENE	cellular and spatial drivers of unresolved injury and functional decline in the 	temporal_yes	title/category indicates explicit developmental, perturbation, regeneration, or time-series axis			artifacts/FINAL_temporal_pretraining_datasets_v3_expanded.tsv	
B_candidate_needs_timepoint_metadata	HTAN CHOP - Longitudinal single-cell multiomic atlas of high-risk neuroblastoma reveals chemotherapy-induced tumor microenvironment rewiring	Homo sapiens	10x 3' v3	needs_metadata_validation	592116	perturbation_regeneration_timecourse	https://cellxgene.cziscience.com/collections/cee845e3-ec04-4781-9e2a-28734bb4f7ba	CELLxGENE_collection		CELLxGENE	htan chop longitudinal multiomic of high risk neuroblastoma reveals chemotherapy	temporal_yes	has explicit time/longitudinal/regeneration signal despite noisy terms			artifacts/FINAL_temporal_pretraining_datasets_v3_expanded.tsv	
B_candidate_needs_timepoint_metadata	Single cell transcriptomic analyses of the dynamic local and systemic response to cardiac injury in mice and zebrafish.	Mus musculus	10x 3' v3	needs_metadata_validation	194315	perturbation_regeneration_timecourse	https://cellxgene.cziscience.com/collections/24e324a1-b42d-4438-9bb5-cf5233fa90b0	CELLxGENE_collection		CELLxGENE	transcriptomic analyses of the dynamic local and systemic response to cardiac in	temporal_yes	title/category indicates explicit developmental, perturbation, regeneration, or time-series axis			artifacts/FINAL_temporal_pretraining_datasets_v3_expanded.tsv	
B_candidate_needs_timepoint_metadata	Time-resolved Systems Immunology Reveals a Late Juncture Linked to Fatal COVID-19	Homo sapiens	10x 5' v1	needs_metadata_validation	372081	perturbation_regeneration_timecourse	https://cellxgene.cziscience.com/collections/ed9185e3-5b82-40c7-9824-b2141590c7f0	CELLxGENE_collection		CELLxGENE	time resolved systems immunology reveals a late juncture linked to fatal covid 1	temporal_yes	has explicit time/longitudinal/regeneration signal despite noisy terms			artifacts/FINAL_temporal_pretraining_datasets_v3_expanded.tsv	
A_explicit	CRISPR Interference-Based Platform for Multimodal Genetic Screens in Human iPSC-Derived Neurons	Homo sapiens	RNA	y	275708	perturbation_timecourse	https://zenodo.org/records/10044268	catalogue_record_filtered_dataset	https://doi.org/10.1016/j.neuron.2019.07.014	scPerturb	10.1016/j.neuron.2019.07.014	temporal_yes	explicit time axis already validated			artifacts/FINAL_temporal_pretraining_datasets_v3_expanded.tsv	deduplicated Perturb-Seq: Dissecting Molecular Circuits with Scalable Single-Cell RNA Profiling of Pooled Genetic Screens
A_explicit	PDPN+ fibroblasts from various timepoints in mouse fibrotic lung disease	Mus musculus	scRNA-seq	various timepoints in fibrosis model		perturbation_timecourse	https://www.ncbi.nlm.nih.gov/geo/query/acc.cgi?acc=GSE296916	dataset_or_repository		GEO_or_database_second_pass	pdpn fibroblasts from various timepoints in mouse fibrotic lung disease	temporal_yes	second pass retained because dataset title/source gives explicit developmental, spatiotemporal, regeneration, organoid, or perturbation time axis		GSE296916	artifacts/FINAL_temporal_pretraining_datasets_v3_expanded.tsv	
A_explicit	Spatially organizing tomato callus cells identifies shoot regeneration network	Solanum lycopersicum	spatial transcriptomics	plant shoot regeneration		plant_development;regeneration_timecourse	https://www.ncbi.nlm.nih.gov/geo/query/acc.cgi?acc=GSE293948	dataset_or_repository		GEO_or_database_second_pass	spatially organizing tomato callus cells identifies shoot regeneration network	temporal_yes	second pass retained because dataset title/source gives explicit developmental, spatiotemporal, regeneration, organoid, or perturbation time axis		GSE293948	artifacts/FINAL_temporal_pretraining_datasets_v3_expanded.tsv	
A_explicit	A single-cell, spatial transcriptomic atlas of the Arabidopsis life cycle	Arabidopsis thaliana	snRNA-seq;spatial transcriptomics	10 developmental timepoints / life-cycle stages	400000+	plant_development;spatial	https://travislee.science/	dataset_or_collection	https://pmc.ncbi.nlm.nih.gov/articles/PMC12416547/	extra_web	arabidopsis life cycle single cell spatial atlas	temporal_yes	explicit time axis already validated			artifacts/FINAL_temporal_pretraining_datasets_v3_expanded.tsv	deduplicated Arabidopsis Developmental Atlas
A_explicit	Arabidopsis cell-type-specific spatiotemporal transcriptomic atlas	Arabidopsis thaliana	spatial transcriptomics	plant spatiotemporal development		plant_development;spatial	https://db.cngb.org/stomics/datasets/	dataset_or_repository		GEO_or_database_second_pass	arabidopsis cell type specific spatiotemporal transcriptomic atlas	temporal_yes	second pass retained because dataset title/source gives explicit developmental, spatiotemporal, regeneration, organoid, or perturbation time axis			artifacts/FINAL_temporal_pretraining_datasets_v3_expanded.tsv	deduplicated Flysta3D developing Drosophila embryos and larvae spatiotemporal transcriptomic maps
A_explicit	A single-cell atlas of de novo beta-cell regeneration reveals the contribution of hybrid beta/delta cells to diabetes recovery in zebrafish		single-cell RNA-seq	Regeneration-competent species possess the ability to reverse the progression of severe diseases by restoring the functi	13507	regeneration_timecourse	https://singlecell.broadinstitute.org/single_cell/study/SCP1549	dataset_or_repository		Single_Cell_Portal_step2	a single cell atlas of de novo beta cell regeneration reveals the contribution o	temporal_yes	Single Cell Portal result/title describes developmental trajectory, staged development, regeneration, or organoid maturation	Regeneration-competent species possess the ability to reverse the progression of severe diseases by restoring the function of the damaged tissue. However, the cellular dynamics underlying this capabil	SCP1549	artifacts/single_cell_portal/single_cell_portal_step2_added_v0.tsv	
A_explicit	Compartmentalization and synergy of osteoblasts drive bone formation in the regenerating fin		single-cell RNA-seq	Authors: Cudak N., López-Delgado AC., Rost F., Kurth T., Lesche M., Reinhardt S., Dahl A., Rulands S., Knopf F.*Abstract	6262	regeneration_timecourse	https://singlecell.broadinstitute.org/single_cell/study/SCP1674	dataset_or_repository		Single_Cell_Portal_step2	compartmentalization and synergy of osteoblasts drive bone formation in the rege	temporal_yes	Single Cell Portal result/title describes developmental trajectory, staged development, regeneration, or organoid maturation	Authors: Cudak N., López-Delgado AC., Rost F., Kurth T., Lesche M., Reinhardt S., Dahl A., Rulands S., Knopf F.*Abstract: Zebrafish faithfully regenerate their fins after amputation which includes res	SCP1674	artifacts/single_cell_portal/single_cell_portal_step2_added_v0.tsv	
A_explicit	Non-fibrotic stromal wound repopulation in rabbit	Oryctolagus cuniculus	scRNA-seq	wound repopulation/regeneration timecourse candidate		regeneration_timecourse	https://www.ncbi.nlm.nih.gov/geo/query/acc.cgi?acc=GSE328779	dataset_or_repository		GEO_or_database_second_pass	non fibrotic stromal wound repopulation in rabbit	temporal_yes	second pass retained because dataset title/source gives explicit developmental, spatiotemporal, regeneration, organoid, or perturbation time axis		GSE328779	artifacts/FINAL_temporal_pretraining_datasets_v3_expanded.tsv	
A_explicit	Overlapping transcriptional programs promote survival and axonal regeneration of injured retinal ganglion cells 		single-cell RNA-seq	Injured neurons in the adult mammalian central nervous system often die and seldom regenerate axons. To uncover transcri	129441	regeneration_timecourse	https://singlecell.broadinstitute.org/single_cell/study/SCP1846	dataset_or_repository		Single_Cell_Portal_step2	overlapping transcriptional programs promote survival and axonal regeneration of	temporal_yes	Single Cell Portal result/title describes developmental trajectory, staged development, regeneration, or organoid maturation	Injured neurons in the adult mammalian central nervous system often die and seldom regenerate axons. To uncover transcriptional pathways that could ameliorate these disappointing responses we analyzed	SCP1846	artifacts/single_cell_portal/single_cell_portal_step2_added_v0.tsv	
A_explicit	scRNAseq unravels the transcriptional network underlying zebrafish retina regeneration		single-cell RNA-seq	In the lesioned zebrafish retina, Müller glia produce multipotent retinal progenitors that generate all retinal neurons,	11690	regeneration_timecourse	https://singlecell.broadinstitute.org/single_cell/study/SCP1973	dataset_or_repository		Single_Cell_Portal_step2	scrnaseq unravels the transcriptional network underlying zebrafish retina regene	temporal_yes	Single Cell Portal result/title describes developmental trajectory, staged development, regeneration, or organoid maturation	In the lesioned zebrafish retina, Müller glia produce multipotent retinal progenitors that generate all retinal neurons, replacing lost cell types. To study the molecular mechanisms linking Müller gli	SCP1973	artifacts/single_cell_portal/single_cell_portal_step2_added_v0.tsv	
A_explicit	Single-cell RNA-seq reveals cell populations during adult axolotl limb regeneration	Ambystoma mexicanum	scRNA-seq	adult axolotl limb regeneration time course		regeneration_timecourse	https://www.ncbi.nlm.nih.gov/geo/query/acc.cgi?term=axolotl%20limb%20regeneration%20single%20cell	dataset_or_collection	https://pmc.ncbi.nlm.nih.gov/articles/PMC7937690/	extra_web	axolotl limb regeneration musculoskeletal scRNA time course	temporal_yes	explicit time axis already validated			artifacts/FINAL_temporal_pretraining_datasets_v3_expanded.tsv	
A_explicit	Single-cell RNA-seq time course of axolotl limb regeneration	Ambystoma mexicanum	scRNA-seq	regenerating limb time course		regeneration_timecourse	https://serve.scilifelab.se/records/rp58y-78935/	dataset_or_repository		extra_web	axolotl limb regeneration scrna time course	temporal_yes	explicit time axis already validated			artifacts/FINAL_temporal_pretraining_datasets_v3_expanded.tsv	
A_explicit	Transcriptomic landscape of the blastema niche in regenerating adult axolotl limbs at single-cell resolution--Early-Bud Blastema		single-cell RNA-seq	Regeneration of complex multi-tissue structures, such as limbs, requires the coordinated effort of multiple cell types. 	2013	regeneration_timecourse	https://singlecell.broadinstitute.org/single_cell/study/SCP499	dataset_or_repository		Single_Cell_Portal_step2	transcriptomic landscape of the blastema niche in regenerating adult axolotl lim	temporal_yes	Single Cell Portal result/title describes developmental trajectory, staged development, regeneration, or organoid maturation	Regeneration of complex multi-tissue structures, such as limbs, requires the coordinated effort of multiple cell types. In axolotl limb regeneration, the wound epidermis and blastema have been extensi	SCP499	artifacts/single_cell_portal/single_cell_portal_step2_added_v0.tsv	
A_explicit	Transcriptomic landscape of the blastema niche in regenerating adult axolotl limbs at single-cell resolution--intact limb		single-cell RNA-seq	Regeneration of complex multi-tissue structures, such as limbs, requires the coordinated effort of multiple cell types. 	3421	regeneration_timecourse	https://singlecell.broadinstitute.org/single_cell/study/SCP422	dataset_or_repository		Single_Cell_Portal_step2	transcriptomic landscape of the blastema niche in regenerating adult axolotl lim	temporal_yes	Single Cell Portal result/title describes developmental trajectory, staged development, regeneration, or organoid maturation	Regeneration of complex multi-tissue structures, such as limbs, requires the coordinated effort of multiple cell types. In axolotl limb regeneration, the wound epidermis and blastema have been extensi	SCP422	artifacts/single_cell_portal/single_cell_portal_step2_added_v0.tsv	
A_explicit	Transcriptomic landscape of the blastema niche in regenerating adult axolotl limbs at single-cell resolution--Medium-Bud Blastema		single-cell RNA-seq	Regeneration of complex multi-tissue structures, such as limbs, requires the coordinated effort of multiple cell types. 	12531	regeneration_timecourse	https://singlecell.broadinstitute.org/single_cell/study/SCP500	dataset_or_repository		Single_Cell_Portal_step2	transcriptomic landscape of the blastema niche in regenerating adult axolotl lim	temporal_yes	Single Cell Portal result/title describes developmental trajectory, staged development, regeneration, or organoid maturation	Regeneration of complex multi-tissue structures, such as limbs, requires the coordinated effort of multiple cell types. In axolotl limb regeneration, the wound epidermis and blastema have been extensi	SCP500	artifacts/single_cell_portal/single_cell_portal_step2_added_v0.tsv	
A_explicit	Transcriptomic landscape of the blastema niche in regenerating adult axolotl limbs at single-cell resolution--wound healing stage		single-cell RNA-seq	Regeneration of complex multi-tissue structures, such as limbs, requires the coordinated effort of multiple cell types. 	7270	regeneration_timecourse	https://singlecell.broadinstitute.org/single_cell/study/SCP489	dataset_or_repository		Single_Cell_Portal_step2	transcriptomic landscape of the blastema niche in regenerating adult axolotl lim	temporal_yes	Single Cell Portal result/title describes developmental trajectory, staged development, regeneration, or organoid maturation	Regeneration of complex multi-tissue structures, such as limbs, requires the coordinated effort of multiple cell types. In axolotl limb regeneration, the wound epidermis and blastema have been extensi	SCP489	artifacts/single_cell_portal/single_cell_portal_step2_added_v0.tsv	
A_explicit	HESTA	Homo sapiens	Stereo-seq spatial transcriptomics	Carnegie stages 12-23	0	spatial;developmental	https://db.cngb.org/stomics/hesta/	dataset_or_repository		seed	hesta	temporal_yes	explicit time axis already validated			artifacts/FINAL_temporal_pretraining_datasets_v3_expanded.tsv	
A_explicit	High-resolution spatiotemporal transcriptomic maps of developing Drosophila embryos and larvae	Drosophila melanogaster	Stereo-seq spatial transcriptomics	developing embryos and larvae spatiotemporal stages		spatial;developmental	https://db.cngb.org/stomics/datasets/STDS0000060/	dataset_or_repository		STOmicsDB_STellaris_step3	high resolution spatiotemporal transcriptomic maps of developing drosophila embr	temporal_yes	STOmicsDB/CNGB record describes spatiotemporal development or regeneration dataset	developing embryos and larvae spatiotemporal stages	STDS0000060	artifacts/stomics_stellaris/stomics_stellaris_step3_added_v0.tsv	
A_explicit	MOSTA mouse organogenesis spatial transcriptomic atlas	Mus musculus	Stereo-seq spatial transcriptomics	mouse organogenesis stages		spatial;developmental	https://db.cngb.org/stomics/datasets/STDS0000058/	dataset_or_repository		GEO_or_database_second_pass	mosta mouse organogenesis spatial transcriptomic atlas	temporal_yes	second pass retained because dataset title/source gives explicit developmental, spatiotemporal, regeneration, organoid, or perturbation time axis		STDS0000058	artifacts/FINAL_temporal_pretraining_datasets_v3_expanded.tsv	
A_explicit	Spatiotemporal dynamics of postnatal vascularization in mouse brain	Mus musculus	spatial/single-cell transcriptomics	postnatal vascularization timecourse		spatial;developmental	https://www.ncbi.nlm.nih.gov/geo/query/acc.cgi?acc=GSE313896	dataset_or_repository		GEO_or_database_second_pass	spatiotemporal dynamics of postnatal vascularization in mouse brain	temporal_yes	second pass retained because dataset title/source gives explicit developmental, spatiotemporal, regeneration, organoid, or perturbation time axis		GSE313896	artifacts/FINAL_temporal_pretraining_datasets_v3_expanded.tsv	
A_explicit	Spatiotemporal mapping of zebrafish embryogenesis Stereo-seq and scRNA-seq	Danio rerio	Stereo-seq + scRNA-seq	six time points 3.3, 5.25, 10, 12, 18, 24 hpf		spatial;developmental	https://db.cngb.org/data_resources/project/CNP0002220	dataset_or_repository		STOmicsDB_STellaris_step3	spatiotemporal mapping of zebrafish embryogenesis stereo seq and scrna seq	temporal_yes	STOmicsDB/CNGB record describes spatiotemporal development or regeneration dataset	six time points 3.3, 5.25, 10, 12, 18, 24 hpf	CNP0002220	artifacts/stomics_stellaris/stomics_stellaris_step3_added_v0.tsv	
A_explicit	Spatiotemporal single-cell atlas of suture stem cell dynamics in craniosynostosis	Mus musculus/Homo sapiens	single-cell/spatial	spatiotemporal suture stem cell dynamics		spatial;developmental	https://www.ncbi.nlm.nih.gov/geo/query/acc.cgi?acc=GSE303344	dataset_or_repository		GEO_or_database_second_pass	spatiotemporal single cell atlas of suture stem cell dynamics in craniosynostosi	temporal_yes	second pass retained because dataset title/source gives explicit developmental, spatiotemporal, regeneration, organoid, or perturbation time axis		GSE303344	artifacts/FINAL_temporal_pretraining_datasets_v3_expanded.tsv	
A_explicit	Spatiotemporal transcriptome atlas of human embryos after gastrulation	Homo sapiens	spatial transcriptomics	human embryos after gastrulation stages		spatial;developmental	https://www.ncbi.nlm.nih.gov/geo/query/acc.cgi?acc=GSE326326	dataset_or_repository		GEO_or_database_second_pass	spatiotemporal transcriptome atlas of human embryos after gastrulation	temporal_yes	second pass retained because dataset title/source gives explicit developmental, spatiotemporal, regeneration, organoid, or perturbation time axis		GSE326326	artifacts/FINAL_temporal_pretraining_datasets_v3_expanded.tsv	
A_explicit	ZESTA	Danio rerio	Stereo-seq spatial transcriptomics	six time points first 24h	152977 spots	spatial;developmental	https://db.cngb.org/stomics/datasets/STDS0000057/	dataset_or_repository		seed	zesta	temporal_yes	explicit time axis already validated		STDS0000057	artifacts/FINAL_temporal_pretraining_datasets_v3_expanded.tsv	
A_explicit	ARTISTA axolotl telencephalon	Ambystoma mexicanum	Stereo-seq spatial transcriptomics	2-60 dpi + developmental stages	0	spatial;perturbation_or_regeneration;developmental	https://db.cngb.org/stomics/datasets/STDS0000056/	dataset_or_repository		seed	artista axolotl telencephalon	temporal_yes	explicit time axis already validated		STDS0000056	artifacts/FINAL_temporal_pretraining_datasets_v3_expanded.tsv	
A_explicit	4D single-cell spatial transcriptomics of planarian regeneration	Schmidtea mediterranea	Stereo-seq spatial transcriptomics	8 regeneration time points		spatial;regeneration_timecourse	https://ngdc.cncb.ac.cn/STAPR/	dataset_or_collection	https://academic.oup.com/gigascience/article/doi/10.1093/gigascience/giag064/8690706	extra_web	planarian 4d stereo seq regeneration 8 time points	temporal_yes	explicit time axis already validated			artifacts/FINAL_temporal_pretraining_datasets_v3_expanded.tsv	deduplicated Planarian STAPR regeneration
A_explicit	Spatially-resolved cell dataset of regenerating zebrafish heart	Danio rerio	Stereo-seq + scRNA-seq	zebrafish heart regeneration		spatial;regeneration_timecourse	https://db.cngb.org/stomics/project/STT0000071	dataset_or_repository		STOmicsDB_STellaris_step3	spatially resolved cell dataset of regenerating zebrafish heart	temporal_yes	STOmicsDB/CNGB record describes spatiotemporal development or regeneration dataset	zebrafish heart regeneration	STT0000071	artifacts/stomics_stellaris/stomics_stellaris_step3_added_v0.tsv	
