ModelID	reason
ACH-000047	missing_exact_26Q1_baseline_ModelID
ACH-000246	missing_exact_26Q1_baseline_ModelID
ACH-000426	missing_exact_26Q1_baseline_ModelID
ACH-001039	missing_exact_26Q1_baseline_ModelID
ACH-001065	missing_exact_26Q1_baseline_ModelID
ACH-001081	missing_exact_26Q1_baseline_ModelID
ACH-001107	missing_exact_26Q1_baseline_ModelID
ACH-001126	missing_exact_26Q1_baseline_ModelID
ACH-001137	missing_exact_26Q1_baseline_ModelID
ACH-001233	missing_exact_26Q1_baseline_ModelID
ACH-001331	missing_exact_26Q1_baseline_ModelID
ACH-001436	missing_exact_26Q1_baseline_ModelID
ACH-001544	missing_exact_26Q1_baseline_ModelID
ACH-001639	missing_exact_26Q1_baseline_ModelID
ACH-001643	missing_exact_26Q1_baseline_ModelID
ACH-002083	missing_exact_26Q1_baseline_ModelID
ACH-002105	missing_exact_26Q1_baseline_ModelID
ACH-002106	missing_exact_26Q1_baseline_ModelID
ACH-002109	missing_exact_26Q1_baseline_ModelID
ACH-002110	missing_exact_26Q1_baseline_ModelID
ACH-002114	missing_exact_26Q1_baseline_ModelID
ACH-002116	missing_exact_26Q1_baseline_ModelID
ACH-002119	missing_exact_26Q1_baseline_ModelID
ACH-002140	missing_exact_26Q1_baseline_ModelID
ACH-002141	missing_exact_26Q1_baseline_ModelID
ACH-002143	missing_exact_26Q1_baseline_ModelID
ACH-002150	missing_exact_26Q1_baseline_ModelID
ACH-002156	missing_exact_26Q1_baseline_ModelID
ACH-002160	missing_exact_26Q1_baseline_ModelID
ACH-002161	missing_exact_26Q1_baseline_ModelID
ACH-002179	missing_exact_26Q1_baseline_ModelID
ACH-002181	missing_exact_26Q1_baseline_ModelID
ACH-002183	missing_exact_26Q1_baseline_ModelID
ACH-002186	missing_exact_26Q1_baseline_ModelID
ACH-002189	missing_exact_26Q1_baseline_ModelID
ACH-002198	missing_exact_26Q1_baseline_ModelID
ACH-002202	missing_exact_26Q1_baseline_ModelID
ACH-002210	missing_exact_26Q1_baseline_ModelID
ACH-002212	missing_exact_26Q1_baseline_ModelID
ACH-002228	missing_exact_26Q1_baseline_ModelID
ACH-002229	missing_exact_26Q1_baseline_ModelID
ACH-002230	missing_exact_26Q1_baseline_ModelID
ACH-002233	missing_exact_26Q1_baseline_ModelID
ACH-002234	missing_exact_26Q1_baseline_ModelID
ACH-002239	missing_exact_26Q1_baseline_ModelID
ACH-002243	missing_exact_26Q1_baseline_ModelID
ACH-002247	missing_exact_26Q1_baseline_ModelID
ACH-002249	missing_exact_26Q1_baseline_ModelID
ACH-002250	missing_exact_26Q1_baseline_ModelID
ACH-002251	missing_exact_26Q1_baseline_ModelID
ACH-002257	missing_exact_26Q1_baseline_ModelID
ACH-002261	missing_exact_26Q1_baseline_ModelID
ACH-002263	missing_exact_26Q1_baseline_ModelID
ACH-002265	missing_exact_26Q1_baseline_ModelID
ACH-002269	missing_exact_26Q1_baseline_ModelID
ACH-002278	missing_exact_26Q1_baseline_ModelID
ACH-002280	missing_exact_26Q1_baseline_ModelID
ACH-002282	missing_exact_26Q1_baseline_ModelID
ACH-002284	missing_exact_26Q1_baseline_ModelID
ACH-002285	missing_exact_26Q1_baseline_ModelID
ACH-002294	missing_exact_26Q1_baseline_ModelID
ACH-002295	missing_exact_26Q1_baseline_ModelID
ACH-002296	missing_exact_26Q1_baseline_ModelID
ACH-002297	missing_exact_26Q1_baseline_ModelID
ACH-002298	missing_exact_26Q1_baseline_ModelID
ACH-002304	missing_exact_26Q1_baseline_ModelID
ACH-002305	missing_exact_26Q1_baseline_ModelID
ACH-002530	missing_exact_26Q1_baseline_ModelID
